melt_temp_C,die_temp_C,injection_speed_mps,injection_pressure_bar,intensification_pressure_bar,filling_time_s,cooling_time_s,vacuum_pressure_bar,alloy_type,quality,defect_type
697.5,204.0,3.28,785.0,537.4,0.0454,7.5,-0.673,AlSi9Cu3,DEFECT,Porosity
680.0,200.8,2.63,752.0,658.2,0.0452,8.21,-0.81,AlSi12,OK,No_Defect
678.0,178.2,3.22,807.8,521.0,0.0436,8.54,-0.756,AlSi12,DEFECT,Porosity
694.8,208.6,2.94,760.6,661.8,0.0516,8.29,-0.834,AlSi9Cu3,OK,No_Defect
687.8,198.6,2.4,633.4,596.9,0.041,8.97,-0.849,AlSi10Mg,OK,No_Defect
686.6,197.6,2.92,776.5,649.1,0.0406,8.53,-0.896,AlSi9Cu3,OK,No_Defect
667.3,230.6,3.23,723.5,619.5,0.052,9.04,-0.806,AlSi9Cu3,DEFECT,Surface_Defect
686.6,189.4,2.76,779.4,708.3,0.0481,8.13,-0.88,AlSi9Cu3,OK,No_Defect
676.4,181.0,3.06,785.5,622.6,0.0486,8.02,-0.87,AlSi12,OK,No_Defect
690.5,216.5,2.3,734.4,661.4,0.0453,8.56,-0.866,AlSi10Mg,OK,No_Defect
673.2,209.3,2.74,739.6,617.4,0.0461,8.61,-0.857,AlSi12,OK,No_Defect
681.3,201.8,3.24,818.2,558.1,0.0296,8.4,-0.675,AlSi9Cu3,DEFECT,Porosity
698.0,199.2,2.66,690.7,677.3,0.0467,8.5,-0.87,AlSi9Cu3,OK,No_Defect
684.1,195.4,2.89,761.9,633.4,0.0439,8.08,-0.839,AlSi9Cu3,OK,No_Defect
683.6,194.5,2.82,717.3,614.1,0.0473,8.23,-0.804,AlSi9Cu3,OK,No_Defect
676.5,192.8,2.76,731.2,677.5,0.0424,8.51,-0.871,AlSi9Cu3,OK,No_Defect
685.4,189.1,2.91,734.4,649.4,0.0536,7.98,-0.87,AlSi9Cu3,OK,No_Defect
682.0,196.4,2.65,731.9,664.7,0.0506,8.57,-0.874,AlSi9Cu3,OK,No_Defect
684.5,179.1,2.54,682.2,578.7,0.0466,8.05,-0.836,AlSi10Mg,OK,No_Defect
685.6,192.7,2.9,815.1,641.3,0.044,8.16,-0.839,AlSi10Mg,OK,No_Defect
670.2,188.9,2.55,781.2,638.3,0.0507,8.98,-0.889,AlSi9Cu3,OK,No_Defect
694.8,213.5,3.34,889.2,741.0,0.0283,8.88,-0.871,AlSi12,DEFECT,Flash
683.8,199.9,2.79,766.3,627.2,0.0432,8.5,-0.909,AlSi9Cu3,OK,No_Defect
683.3,220.1,3.03,670.7,645.9,0.0406,8.76,-0.919,AlSi9Cu3,OK,No_Defect
690.5,192.9,2.39,654.8,698.8,0.0502,7.73,-0.853,AlSi9Cu3,OK,No_Defect
684.8,204.8,2.54,678.4,610.1,0.0448,8.2,-0.837,AlSi9Cu3,OK,No_Defect
686.7,197.7,2.65,758.3,676.2,0.0534,7.8,-0.842,AlSi9Cu3,OK,No_Defect
688.4,202.4,2.93,732.9,712.6,0.0413,8.31,-0.878,AlSi10Mg,OK,No_Defect
676.0,187.7,2.84,722.8,644.5,0.0533,8.43,-0.898,AlSi12,OK,No_Defect
673.7,214.0,2.64,780.9,667.1,0.0414,9.49,-0.721,AlSi10Mg,DEFECT,Surface_Defect
661.4,186.0,2.58,687.1,646.3,0.0451,8.49,-0.856,AlSi10Mg,OK,No_Defect
672.5,188.7,2.94,714.5,629.5,0.0455,8.37,-0.883,AlSi9Cu3,OK,No_Defect
684.4,195.8,2.92,740.7,638.7,0.0447,7.55,-0.86,AlSi10Mg,OK,No_Defect
668.5,171.4,2.73,778.1,673.7,0.0519,8.09,-0.773,AlSi9Cu3,OK,No_Defect
685.0,203.3,3.39,943.2,706.3,0.0423,7.91,-0.907,AlSi10Mg,DEFECT,Flash
694.4,198.0,3.18,772.6,709.1,0.0384,8.1,-0.792,AlSi12,OK,No_Defect
662.4,147.4,1.92,644.0,501.8,0.0681,8.75,-0.819,AlSi10Mg,DEFECT,Cold_Shut
694.1,204.3,3.19,721.5,654.8,0.0485,8.37,-0.827,AlSi10Mg,OK,No_Defect
689.8,205.8,2.75,806.9,693.3,0.051,8.52,-0.785,AlSi10Mg,OK,No_Defect
693.7,200.4,2.74,732.8,696.5,0.0401,8.99,-0.872,AlSi9Cu3,OK,No_Defect
681.6,194.0,2.61,724.7,656.1,0.0453,8.06,-0.804,AlSi10Mg,OK,No_Defect
685.7,192.0,3.06,763.7,714.7,0.0463,8.32,-0.917,AlSi10Mg,OK,No_Defect
687.4,181.1,2.62,797.5,681.7,0.0408,7.95,-0.847,AlSi9Cu3,OK,No_Defect
670.6,198.3,2.58,763.9,692.3,0.0462,7.98,-0.869,AlSi10Mg,OK,No_Defect
687.3,199.1,2.16,749.8,707.5,0.0491,8.46,-0.858,AlSi10Mg,OK,No_Defect
687.4,206.2,2.41,723.7,675.6,0.0482,8.56,-0.856,AlSi10Mg,OK,No_Defect
684.3,191.2,2.72,801.9,680.4,0.0422,7.81,-0.834,AlSi9Cu3,OK,No_Defect
672.6,177.7,2.59,726.6,662.7,0.0455,8.16,-0.789,AlSi10Mg,OK,No_Defect
682.7,195.5,2.54,742.6,690.1,0.0575,8.28,-0.862,AlSi12,OK,No_Defect
687.6,195.8,2.83,772.8,645.5,0.0417,8.3,-0.849,AlSi9Cu3,OK,No_Defect
697.3,188.2,2.55,734.7,644.4,0.0436,8.05,-0.869,AlSi10Mg,OK,No_Defect
672.2,192.1,2.59,790.3,728.3,0.0532,8.15,-0.876,AlSi9Cu3,OK,No_Defect
690.6,190.1,3.38,780.3,560.4,0.039,7.69,-0.622,AlSi9Cu3,DEFECT,Porosity
678.2,193.7,2.75,749.4,637.2,0.0476,7.6,-0.84,AlSi9Cu3,OK,No_Defect
690.7,202.7,2.91,765.9,647.6,0.049,7.85,-0.755,AlSi9Cu3,OK,No_Defect
652.4,176.0,2.22,586.4,646.5,0.0765,7.9,-0.86,AlSi10Mg,DEFECT,Cold_Shut
675.3,200.8,2.43,774.3,689.3,0.0505,8.63,-0.816,AlSi9Cu3,OK,No_Defect
680.5,183.5,2.74,836.9,670.5,0.0445,8.39,-0.855,AlSi9Cu3,OK,No_Defect
675.0,186.2,2.82,709.5,670.8,0.0438,8.04,-0.779,AlSi9Cu3,OK,No_Defect
671.3,177.0,2.52,757.4,632.3,0.0429,8.03,-0.882,AlSi9Cu3,OK,No_Defect
677.5,177.5,2.7,755.7,662.3,0.0462,8.27,-0.899,AlSi9Cu3,OK,No_Defect
676.1,197.8,2.6,709.4,650.9,0.0481,8.83,-0.834,AlSi9Cu3,OK,No_Defect
674.6,199.2,2.89,803.0,664.3,0.0469,8.75,-0.834,AlSi12,OK,No_Defect
680.7,221.0,2.8,735.6,621.2,0.0447,8.24,-0.82,AlSi9Cu3,OK,No_Defect
652.0,213.1,2.88,700.2,628.2,0.0354,9.64,-0.708,AlSi9Cu3,DEFECT,Surface_Defect
652.9,145.0,2.49,661.0,502.6,0.0662,9.36,-0.913,AlSi10Mg,DEFECT,Cold_Shut
678.4,192.0,2.57,751.8,675.8,0.0459,8.31,-0.878,AlSi9Cu3,OK,No_Defect
681.1,184.4,2.79,796.2,691.5,0.0553,7.23,-0.826,AlSi10Mg,OK,No_Defect
667.2,150.0,2.25,569.3,571.0,0.0616,7.58,-0.887,AlSi12,DEFECT,Cold_Shut
665.1,185.9,2.93,777.6,612.4,0.0475,8.12,-0.832,AlSi9Cu3,OK,No_Defect
681.9,187.5,2.77,775.9,677.3,0.0475,8.49,-0.864,AlSi10Mg,OK,No_Defect
678.0,196.8,3.35,758.8,636.6,0.0346,8.64,-0.607,AlSi9Cu3,DEFECT,Porosity
685.3,187.9,2.62,682.7,685.6,0.047,8.07,-0.833,AlSi9Cu3,OK,No_Defect
672.2,185.7,2.48,738.4,696.4,0.0509,7.61,-0.833,AlSi10Mg,OK,No_Defect
667.5,163.1,2.51,751.1,629.6,0.0512,7.28,-0.787,AlSi9Cu3,OK,No_Defect
695.7,206.9,2.73,688.5,683.1,0.0437,9.71,-0.859,AlSi9Cu3,DEFECT,Surface_Defect
663.9,183.4,2.51,771.2,611.0,0.05,8.04,-0.858,AlSi9Cu3,OK,No_Defect
677.9,210.1,2.55,788.3,654.0,0.0526,8.07,-0.886,AlSi9Cu3,OK,No_Defect
671.6,197.8,2.36,716.9,653.9,0.0549,8.16,-0.866,AlSi12,OK,No_Defect
672.7,190.7,2.62,714.2,614.8,0.0486,8.13,-0.898,AlSi10Mg,OK,No_Defect
668.2,169.1,2.75,757.7,622.9,0.0507,7.91,-0.851,AlSi9Cu3,OK,No_Defect
660.4,150.6,1.97,568.0,450.0,0.0664,8.42,-0.896,AlSi10Mg,DEFECT,Cold_Shut
691.9,205.0,2.58,772.0,544.0,0.0411,8.82,-0.886,AlSi9Cu3,OK,No_Defect
678.8,211.0,2.86,750.6,656.1,0.0507,7.76,-0.919,AlSi10Mg,OK,No_Defect
684.5,205.3,2.62,790.0,674.6,0.0474,8.83,-0.878,AlSi10Mg,OK,No_Defect
675.5,173.6,2.42,756.5,701.2,0.0475,7.23,-0.864,AlSi9Cu3,OK,No_Defect
664.8,191.0,2.9,745.8,621.1,0.0491,8.07,-0.784,AlSi9Cu3,OK,No_Defect
672.3,168.2,2.15,629.2,556.2,0.0526,8.53,-0.925,AlSi9Cu3,DEFECT,Cold_Shut
691.4,205.5,2.83,706.9,646.5,0.0394,8.22,-0.824,AlSi9Cu3,OK,No_Defect
694.4,210.7,3.02,752.6,687.6,0.0363,8.89,-0.905,AlSi10Mg,OK,No_Defect
676.7,193.2,2.83,750.5,672.8,0.0381,7.79,-0.832,AlSi9Cu3,OK,No_Defect
650.0,167.2,2.29,800.7,491.8,0.0605,8.5,-0.715,AlSi9Cu3,DEFECT,Cold_Shut
691.9,214.4,3.17,940.8,714.2,0.0308,8.43,-0.839,AlSi9Cu3,DEFECT,Flash
696.9,184.0,3.05,756.1,498.1,0.0417,7.79,-0.662,AlSi10Mg,DEFECT,Porosity
687.2,192.3,2.83,770.1,693.8,0.0457,7.75,-0.796,AlSi10Mg,OK,No_Defect
682.1,185.3,2.92,656.3,579.1,0.0381,8.69,-0.668,AlSi9Cu3,DEFECT,Porosity
674.2,189.0,2.7,785.6,664.3,0.0502,8.48,-0.877,AlSi9Cu3,OK,No_Defect
668.9,178.6,2.25,695.5,701.9,0.0412,8.27,-0.897,AlSi10Mg,OK,No_Defect
687.2,211.7,2.91,752.7,637.4,0.0496,9.67,-0.841,AlSi10Mg,OK,No_Defect
672.6,200.4,3.11,613.0,495.8,0.0331,7.47,-0.64,AlSi10Mg,DEFECT,Porosity
686.4,196.7,2.56,751.6,613.9,0.0496,8.09,-0.868,AlSi9Cu3,OK,No_Defect
678.5,181.5,2.76,733.0,662.2,0.0528,8.58,-0.829,AlSi12,OK,No_Defect
669.8,188.3,2.6,743.1,611.4,0.0536,8.54,-0.87,AlSi9Cu3,OK,No_Defect
670.1,206.9,2.87,676.9,669.0,0.0434,8.76,-0.858,AlSi10Mg,DEFECT,Surface_Defect
668.1,205.1,2.6,710.3,681.1,0.0514,8.13,-0.867,AlSi9Cu3,OK,No_Defect
681.4,195.2,2.95,761.3,586.7,0.0416,8.4,-0.859,AlSi9Cu3,OK,No_Defect
695.3,204.1,2.8,793.1,739.8,0.0487,8.51,-0.789,AlSi9Cu3,OK,No_Defect
690.0,196.9,2.93,790.6,681.5,0.0427,8.47,-0.86,AlSi12,OK,No_Defect
689.2,190.5,2.9,792.8,665.0,0.0462,7.36,-0.842,AlSi9Cu3,OK,No_Defect
674.5,199.1,2.87,758.9,628.8,0.0394,9.14,-0.831,AlSi9Cu3,OK,No_Defect
688.5,222.0,3.41,881.3,655.5,0.0385,8.23,-0.898,AlSi12,DEFECT,Flash
685.9,196.0,2.91,750.9,722.8,0.0475,8.26,-0.865,AlSi9Cu3,OK,No_Defect
669.2,208.5,2.69,817.8,646.4,0.0466,7.99,-0.868,AlSi9Cu3,OK,No_Defect
680.9,205.4,2.57,800.9,666.0,0.0406,8.44,-0.857,AlSi9Cu3,OK,No_Defect
677.9,222.3,2.7,779.1,709.2,0.0571,9.37,-0.773,AlSi10Mg,DEFECT,Surface_Defect
692.5,199.4,2.69,845.1,662.4,0.0485,8.32,-0.9,AlSi10Mg,OK,No_Defect
661.3,193.3,2.68,763.2,648.1,0.0468,8.58,-0.782,AlSi9Cu3,OK,No_Defect
673.0,189.2,2.88,756.4,630.8,0.0481,7.85,-0.866,AlSi9Cu3,OK,No_Defect
659.9,154.6,2.23,707.9,675.1,0.0643,8.55,-0.797,AlSi9Cu3,DEFECT,Cold_Shut
679.6,191.3,2.33,681.5,645.2,0.0503,8.09,-0.86,AlSi9Cu3,OK,No_Defect
674.2,161.1,2.63,747.1,629.3,0.0534,7.26,-0.889,AlSi9Cu3,OK,No_Defect
680.4,190.1,2.54,738.3,628.2,0.0446,7.94,-0.815,AlSi9Cu3,OK,No_Defect
688.4,219.4,3.48,919.5,741.9,0.0357,7.84,-0.816,AlSi12,DEFECT,Flash
658.7,159.4,2.71,627.3,538.8,0.0567,8.41,-0.777,AlSi9Cu3,DEFECT,Cold_Shut
678.3,193.0,2.5,826.6,613.6,0.0406,8.45,-0.813,AlSi10Mg,OK,No_Defect
666.0,180.8,2.61,786.4,592.8,0.0469,7.81,-0.776,AlSi12,OK,No_Defect
695.3,198.3,2.81,738.4,648.4,0.0402,8.55,-0.97,AlSi9Cu3,OK,No_Defect
674.4,194.0,3.07,750.0,670.2,0.0432,8.2,-0.929,AlSi9Cu3,OK,No_Defect
674.6,207.0,2.55,719.8,625.0,0.0583,8.18,-0.87,AlSi9Cu3,OK,No_Defect
658.0,187.5,2.57,722.8,687.3,0.0517,7.89,-0.855,AlSi9Cu3,OK,No_Defect
676.8,187.0,2.61,767.6,719.5,0.0491,8.21,-0.855,AlSi9Cu3,OK,No_Defect
675.5,202.4,2.83,736.3,543.9,0.0441,8.43,-0.658,AlSi12,DEFECT,Porosity
693.0,197.4,2.79,671.8,606.2,0.0448,8.41,-0.945,AlSi10Mg,OK,No_Defect
674.9,197.1,2.74,656.7,627.4,0.0534,7.95,-0.866,AlSi10Mg,OK,No_Defect
675.2,188.6,2.57,781.0,590.5,0.0545,8.53,-0.908,AlSi12,OK,No_Defect
682.2,195.7,2.89,691.7,600.7,0.0457,7.74,-0.811,AlSi10Mg,OK,No_Defect
692.3,192.7,2.69,759.0,618.2,0.0473,8.08,-0.959,AlSi10Mg,OK,No_Defect
689.0,215.5,3.14,818.5,665.3,0.0342,8.3,-0.836,AlSi9Cu3,DEFECT,Flash
679.4,218.0,2.62,742.3,693.0,0.0358,10.41,-0.737,AlSi9Cu3,DEFECT,Surface_Defect
689.8,212.7,2.84,763.9,659.0,0.0487,8.63,-0.836,AlSi9Cu3,OK,No_Defect
695.9,198.1,2.93,749.5,645.1,0.0462,8.12,-0.848,AlSi9Cu3,OK,No_Defect
683.1,189.7,2.77,765.9,601.1,0.047,8.71,-0.877,AlSi9Cu3,OK,No_Defect
671.8,183.1,2.54,783.3,707.2,0.0521,7.87,-0.816,AlSi9Cu3,OK,No_Defect
676.8,213.9,2.99,800.9,675.2,0.0404,8.79,-0.844,AlSi9Cu3,OK,No_Defect
686.6,203.2,2.78,804.5,654.4,0.047,8.3,-0.793,AlSi9Cu3,OK,No_Defect
672.2,190.6,2.74,673.7,618.5,0.0445,7.98,-0.809,AlSi9Cu3,OK,No_Defect
681.0,201.9,2.72,713.5,589.1,0.0479,7.42,-0.802,AlSi9Cu3,OK,No_Defect
690.1,212.9,2.89,723.1,702.6,0.034,8.01,-0.908,AlSi9Cu3,OK,No_Defect
669.2,204.1,2.69,828.2,699.0,0.0481,7.99,-0.866,AlSi9Cu3,OK,No_Defect
668.1,177.3,2.83,763.8,615.7,0.0395,7.98,-0.858,AlSi10Mg,OK,No_Defect
676.2,201.6,2.8,795.0,624.4,0.0437,8.24,-0.861,AlSi9Cu3,OK,No_Defect
667.1,231.3,3.02,802.0,667.5,0.038,9.45,-0.827,AlSi9Cu3,DEFECT,Surface_Defect
677.4,182.1,2.6,737.1,673.5,0.0457,8.28,-0.827,AlSi9Cu3,OK,No_Defect
698.5,216.0,2.22,762.4,609.2,0.0544,8.96,-0.861,AlSi10Mg,OK,No_Defect
664.8,212.1,2.63,777.5,751.8,0.0532,9.76,-0.894,AlSi9Cu3,DEFECT,Surface_Defect
675.4,205.2,2.48,750.7,641.7,0.051,8.44,-0.864,AlSi12,OK,No_Defect
671.9,191.4,2.52,791.7,662.1,0.0514,8.36,-0.824,AlSi10Mg,OK,No_Defect
680.5,215.8,2.45,806.7,574.8,0.0496,9.03,-0.798,AlSi12,DEFECT,Surface_Defect
688.3,187.0,2.79,729.0,765.5,0.0481,7.9,-0.778,AlSi9Cu3,OK,No_Defect
659.0,179.8,1.96,673.1,551.6,0.0618,8.45,-0.88,AlSi10Mg,DEFECT,Cold_Shut
675.6,198.1,2.54,737.4,683.3,0.0473,8.02,-0.82,AlSi12,OK,No_Defect
682.2,205.2,3.14,766.6,626.8,0.0465,8.24,-0.82,AlSi9Cu3,OK,No_Defect
690.7,180.7,2.76,761.9,639.2,0.0443,8.17,-0.886,AlSi10Mg,OK,No_Defect
682.5,190.9,2.85,756.4,712.4,0.0412,7.6,-0.769,AlSi9Cu3,OK,No_Defect
685.5,198.2,2.49,716.8,668.4,0.0459,8.54,-0.851,AlSi10Mg,OK,No_Defect
673.2,203.1,2.84,821.6,636.3,0.048,8.24,-0.911,AlSi9Cu3,OK,No_Defect
693.9,176.6,3.5,632.2,500.8,0.0373,8.47,-0.655,AlSi9Cu3,DEFECT,Porosity
683.8,184.1,3.17,587.3,549.1,0.028,8.8,-0.586,AlSi10Mg,DEFECT,Porosity
697.0,210.8,2.77,754.9,701.7,0.0486,8.63,-0.888,AlSi9Cu3,OK,No_Defect
680.8,200.6,2.8,830.2,624.9,0.0534,8.56,-0.813,AlSi9Cu3,OK,No_Defect
687.6,196.5,3.22,885.8,483.4,0.0451,8.69,-0.658,AlSi10Mg,DEFECT,Porosity
687.2,199.2,2.4,729.4,577.1,0.0527,8.51,-0.874,AlSi9Cu3,OK,No_Defect
697.5,202.7,3.18,927.5,670.0,0.0363,7.99,-0.718,AlSi9Cu3,DEFECT,Flash
672.9,206.1,2.93,655.3,501.5,0.0406,8.37,-0.669,AlSi10Mg,DEFECT,Porosity
677.2,196.7,2.73,716.3,653.6,0.0424,8.09,-0.847,AlSi9Cu3,OK,No_Defect
667.3,145.5,2.25,604.9,563.6,0.0674,8.12,-0.904,AlSi10Mg,DEFECT,Cold_Shut
675.8,169.8,2.34,694.2,668.1,0.0539,7.6,-0.916,AlSi12,OK,No_Defect
672.9,184.1,2.63,723.9,682.7,0.0433,7.85,-0.878,AlSi10Mg,OK,No_Defect
676.0,194.9,2.62,760.1,704.1,0.0465,8.26,-0.877,AlSi9Cu3,OK,No_Defect
673.6,173.5,2.73,747.4,630.4,0.0418,8.35,-0.874,AlSi9Cu3,OK,No_Defect
681.3,224.5,2.59,666.0,715.0,0.0532,9.53,-0.886,AlSi9Cu3,DEFECT,Surface_Defect
673.3,182.7,2.56,679.3,631.0,0.0524,7.62,-0.797,AlSi9Cu3,OK,No_Defect
689.4,195.1,2.43,695.7,690.5,0.0486,8.16,-0.8,AlSi10Mg,OK,No_Defect
683.2,179.2,3.08,695.7,630.8,0.0378,7.99,-0.607,AlSi10Mg,DEFECT,Porosity
679.2,185.1,2.7,716.4,551.6,0.0542,8.22,-0.749,AlSi9Cu3,DEFECT,Porosity
686.4,191.3,2.8,732.0,692.0,0.042,8.33,-0.93,AlSi10Mg,OK,No_Defect
689.8,210.1,2.71,703.4,572.9,0.0539,8.52,-0.829,AlSi9Cu3,OK,No_Defect
667.8,200.7,2.57,729.9,637.4,0.0508,8.62,-0.938,AlSi12,OK,No_Defect
689.9,196.5,3.16,849.8,640.4,0.041,8.79,-0.677,AlSi9Cu3,DEFECT,Porosity
693.0,193.5,2.87,726.3,568.4,0.0369,8.34,-0.595,AlSi10Mg,DEFECT,Porosity
685.8,208.6,3.28,842.2,751.9,0.0346,7.97,-0.903,AlSi9Cu3,DEFECT,Flash
686.7,190.2,2.55,697.4,634.0,0.0485,8.51,-0.877,AlSi9Cu3,OK,No_Defect
667.9,188.7,2.58,733.6,654.1,0.0491,7.9,-0.83,AlSi9Cu3,OK,No_Defect
680.9,205.9,2.73,800.0,643.5,0.0468,8.1,-0.839,AlSi12,OK,No_Defect
696.8,199.2,2.65,722.0,595.1,0.0499,8.09,-0.914,AlSi9Cu3,OK,No_Defect
663.0,176.1,2.97,789.0,701.2,0.0509,8.12,-0.865,AlSi9Cu3,OK,No_Defect
668.5,193.4,2.76,800.3,659.3,0.0354,8.54,-0.921,AlSi9Cu3,OK,No_Defect
680.7,189.9,2.62,760.5,617.9,0.0478,7.24,-0.824,AlSi12,OK,No_Defect
692.7,214.4,2.85,710.5,655.6,0.0449,8.59,-0.853,AlSi10Mg,OK,No_Defect
691.8,202.5,2.81,717.1,610.7,0.0603,8.73,-0.815,AlSi10Mg,OK,No_Defect
683.3,182.9,2.95,748.6,641.0,0.0401,8.43,-0.843,AlSi12,OK,No_Defect
688.7,190.8,2.92,760.7,623.0,0.0501,8.33,-0.789,AlSi9Cu3,OK,No_Defect
682.6,192.4,2.65,767.5,638.4,0.0567,8.29,-0.792,AlSi10Mg,OK,No_Defect
684.6,196.5,2.83,736.2,659.6,0.0468,7.92,-0.882,AlSi10Mg,OK,No_Defect
688.9,186.9,3.13,739.0,491.3,0.028,7.74,-0.659,AlSi9Cu3,DEFECT,Porosity
675.8,175.5,2.92,726.6,633.7,0.0472,7.72,-0.861,AlSi9Cu3,OK,No_Defect
686.5,192.7,2.94,762.0,709.5,0.0468,7.92,-0.814,AlSi9Cu3,OK,No_Defect
679.1,205.9,2.82,712.3,735.6,0.0527,8.4,-0.86,AlSi9Cu3,OK,No_Defect
686.6,196.9,2.79,739.8,663.3,0.0438,8.81,-0.833,AlSi9Cu3,OK,No_Defect
685.1,209.4,2.9,799.9,612.5,0.028,8.15,-0.562,AlSi9Cu3,DEFECT,Porosity
676.4,226.4,2.65,814.7,726.2,0.0488,9.32,-0.872,AlSi10Mg,DEFECT,Surface_Defect
697.8,206.9,2.72,705.4,591.8,0.0448,8.3,-0.824,AlSi9Cu3,OK,No_Defect
682.5,189.6,2.65,761.8,615.8,0.0374,7.83,-0.855,AlSi9Cu3,OK,No_Defect
691.6,195.4,2.53,760.4,665.0,0.0493,8.32,-0.927,AlSi10Mg,OK,No_Defect
687.9,212.3,2.98,672.6,618.7,0.0417,8.46,-0.896,AlSi9Cu3,OK,No_Defect
690.6,206.7,2.72,727.8,635.1,0.0487,8.63,-0.866,AlSi9Cu3,OK,No_Defect
681.7,201.8,2.42,750.1,632.7,0.0508,8.58,-0.823,AlSi9Cu3,OK,No_Defect
664.7,188.3,2.77,758.7,639.9,0.0554,7.94,-0.884,AlSi12,OK,No_Defect
677.6,185.6,2.82,707.2,580.8,0.0455,7.77,-0.824,AlSi10Mg,OK,No_Defect
685.9,201.8,2.58,794.9,592.1,0.0555,7.83,-0.818,AlSi10Mg,OK,No_Defect
704.7,205.6,2.11,770.8,689.6,0.0519,7.65,-0.855,AlSi10Mg,OK,No_Defect
689.4,199.3,3.06,822.6,503.2,0.049,8.99,-0.579,AlSi9Cu3,DEFECT,Porosity
682.4,184.8,2.56,768.7,702.4,0.0494,8.13,-0.842,AlSi12,OK,No_Defect
682.0,182.1,2.39,701.1,662.2,0.0466,8.64,-0.847,AlSi10Mg,OK,No_Defect
651.0,155.3,2.22,681.8,646.7,0.0657,8.56,-0.865,AlSi9Cu3,DEFECT,Cold_Shut
693.7,196.4,2.82,809.6,729.8,0.0345,8.27,-0.849,AlSi10Mg,OK,No_Defect
659.4,161.8,2.14,702.5,612.2,0.0621,7.65,-0.821,AlSi10Mg,DEFECT,Cold_Shut
688.4,197.5,2.89,769.0,550.1,0.0394,8.26,-0.586,AlSi9Cu3,DEFECT,Porosity
681.4,188.9,2.72,762.1,678.1,0.0494,8.34,-0.852,AlSi9Cu3,OK,No_Defect
687.8,202.1,2.98,806.8,646.4,0.0439,8.26,-0.825,AlSi9Cu3,OK,No_Defect
680.5,213.1,3.08,757.4,602.3,0.0479,8.13,-0.826,AlSi9Cu3,OK,No_Defect
693.7,197.5,2.53,717.6,690.0,0.0501,8.31,-0.821,AlSi12,OK,No_Defect
667.9,179.7,2.56,763.1,646.1,0.0438,7.44,-0.833,AlSi10Mg,OK,No_Defect
682.4,210.9,2.49,807.4,633.5,0.0536,9.65,-0.866,AlSi10Mg,DEFECT,Surface_Defect
683.7,215.3,2.95,746.6,624.7,0.0509,8.37,-0.875,AlSi9Cu3,OK,No_Defect
664.5,177.7,2.18,710.5,602.5,0.0654,9.06,-0.877,AlSi9Cu3,DEFECT,Cold_Shut
683.2,208.9,2.68,723.7,683.2,0.0466,9.25,-0.761,AlSi10Mg,OK,No_Defect
668.9,198.8,2.75,767.6,642.1,0.0435,8.23,-0.821,AlSi9Cu3,OK,No_Defect
700.8,194.2,2.79,821.7,700.2,0.0469,8.33,-0.879,AlSi9Cu3,OK,No_Defect
671.4,185.0,2.63,788.9,588.4,0.0491,7.83,-0.904,AlSi10Mg,OK,No_Defect
704.4,209.6,2.94,782.2,675.3,0.0512,8.15,-0.893,AlSi10Mg,OK,No_Defect
676.5,195.4,2.66,731.2,681.4,0.0526,7.45,-0.836,AlSi9Cu3,OK,No_Defect
688.9,187.9,3.34,773.9,558.0,0.041,8.21,-0.712,AlSi9Cu3,DEFECT,Porosity
678.7,194.1,2.76,774.9,694.0,0.0417,8.45,-0.875,AlSi10Mg,OK,No_Defect
682.5,191.0,2.8,687.9,548.1,0.0392,7.56,-0.664,AlSi10Mg,DEFECT,Porosity
683.4,180.3,2.67,782.5,687.8,0.0467,8.53,-0.858,AlSi12,OK,No_Defect
650.0,178.4,2.56,762.5,653.7,0.055,8.48,-0.851,AlSi9Cu3,OK,No_Defect
671.1,170.7,2.72,727.5,620.2,0.0374,7.65,-0.812,AlSi10Mg,OK,No_Defect
688.2,197.9,2.79,743.7,623.7,0.0518,8.07,-0.849,AlSi12,OK,No_Defect
693.6,214.7,3.19,816.2,707.1,0.0343,8.26,-0.863,AlSi10Mg,DEFECT,Flash
672.6,213.9,2.71,735.4,678.5,0.057,8.57,-0.854,AlSi9Cu3,OK,No_Defect
670.7,177.9,2.59,732.6,657.2,0.0462,7.31,-0.908,AlSi12,OK,No_Defect
681.4,183.6,2.58,750.2,701.2,0.0482,8.72,-0.887,AlSi9Cu3,OK,No_Defect
683.1,193.5,2.82,731.9,650.5,0.0426,7.86,-0.843,AlSi9Cu3,OK,No_Defect
664.8,184.0,2.64,687.2,640.6,0.0479,8.31,-0.802,AlSi9Cu3,OK,No_Defect
663.6,187.0,2.38,758.4,600.0,0.0481,8.23,-0.875,AlSi9Cu3,OK,No_Defect
681.0,191.2,2.72,736.7,661.2,0.0416,8.17,-0.844,AlSi9Cu3,OK,No_Defect
674.7,170.9,1.85,559.7,526.9,0.0523,8.3,-0.848,AlSi9Cu3,DEFECT,Cold_Shut
667.5,175.6,2.82,791.6,593.5,0.0478,7.67,-0.858,AlSi9Cu3,OK,No_Defect
676.0,174.7,2.53,725.6,661.3,0.0536,7.36,-0.818,AlSi9Cu3,OK,No_Defect
683.6,191.8,2.93,713.5,673.2,0.0461,8.02,-0.892,AlSi10Mg,OK,No_Defect
681.5,200.9,2.72,706.9,622.5,0.0456,8.2,-0.807,AlSi9Cu3,OK,No_Defect
689.2,195.6,2.62,785.4,672.5,0.0484,8.62,-0.792,AlSi9Cu3,OK,No_Defect
682.4,202.1,2.98,782.8,570.0,0.0422,7.72,-0.734,AlSi9Cu3,DEFECT,Porosity
678.8,198.2,2.57,745.3,668.8,0.0523,8.18,-0.85,AlSi10Mg,OK,No_Defect
675.5,191.0,2.57,731.6,599.0,0.0487,7.52,-0.828,AlSi12,OK,No_Defect
678.5,173.6,2.63,735.0,635.9,0.0527,7.65,-0.815,AlSi12,OK,No_Defect
679.1,204.1,2.93,735.3,626.8,0.046,8.4,-0.85,AlSi9Cu3,OK,No_Defect
669.5,189.5,2.74,726.0,624.7,0.0448,8.0,-0.874,AlSi9Cu3,OK,No_Defect
682.3,186.2,2.54,717.0,604.8,0.0516,8.37,-0.842,AlSi12,OK,No_Defect
678.7,190.9,2.76,743.5,660.3,0.047,8.08,-0.834,AlSi9Cu3,OK,No_Defect
674.2,192.0,2.7,758.8,606.6,0.0495,7.74,-0.83,AlSi12,OK,No_Defect
687.5,201.1,2.42,709.5,629.5,0.0431,7.87,-0.835,AlSi9Cu3,OK,No_Defect
682.4,203.6,2.41,765.6,664.4,0.0541,9.27,-0.819,AlSi10Mg,OK,No_Defect
678.5,188.5,2.89,786.9,674.5,0.0525,7.72,-0.858,AlSi9Cu3,OK,No_Defect
680.7,171.0,2.56,707.6,624.5,0.0492,7.78,-0.842,AlSi10Mg,OK,No_Defect
681.0,201.3,2.84,739.8,620.2,0.041,8.1,-0.81,AlSi9Cu3,OK,No_Defect
661.7,158.6,2.55,669.9,645.1,0.0583,8.54,-0.867,AlSi10Mg,DEFECT,Cold_Shut
666.0,177.8,2.73,746.6,600.0,0.0426,7.91,-0.824,AlSi10Mg,OK,No_Defect
685.5,166.7,2.65,718.5,600.1,0.0574,7.18,-0.856,AlSi9Cu3,OK,No_Defect
678.1,200.5,2.77,704.6,616.8,0.0402,8.58,-0.644,AlSi9Cu3,DEFECT,Porosity
683.2,201.8,2.59,796.7,639.8,0.0473,8.31,-0.836,AlSi10Mg,OK,No_Defect
688.4,204.3,2.81,821.4,677.8,0.0512,9.16,-0.893,AlSi10Mg,OK,No_Defect
686.3,186.5,2.37,719.5,601.5,0.046,8.0,-0.869,AlSi10Mg,OK,No_Defect
680.2,212.2,3.02,724.0,544.1,0.0371,8.18,-0.608,AlSi9Cu3,DEFECT,Porosity
695.3,174.8,2.81,798.3,647.7,0.0431,8.3,-0.606,AlSi10Mg,DEFECT,Porosity
674.4,186.9,2.83,790.7,727.7,0.0447,8.04,-0.856,AlSi12,OK,No_Defect
678.5,182.6,2.97,745.5,661.8,0.0405,7.77,-0.796,AlSi9Cu3,OK,No_Defect
673.9,196.6,3.07,783.7,658.6,0.0451,8.46,-0.813,AlSi9Cu3,OK,No_Defect
682.7,186.2,2.6,770.0,643.5,0.044,8.07,-0.862,AlSi9Cu3,OK,No_Defect
680.9,210.3,2.79,803.8,738.2,0.0479,8.34,-0.811,AlSi12,OK,No_Defect
684.8,196.5,2.82,737.9,620.5,0.0466,8.27,-0.824,AlSi9Cu3,OK,No_Defect
688.6,200.1,2.94,789.9,634.5,0.0513,8.92,-0.891,AlSi9Cu3,OK,No_Defect
688.0,184.7,2.91,754.3,616.6,0.051,8.08,-0.905,AlSi10Mg,OK,No_Defect
670.1,171.8,2.58,744.0,622.5,0.0409,7.23,-0.869,AlSi9Cu3,OK,No_Defect
672.2,190.8,3.02,732.1,675.3,0.0426,8.26,-0.858,AlSi9Cu3,OK,No_Defect
665.6,178.1,2.18,546.2,580.2,0.065,8.01,-0.871,AlSi9Cu3,DEFECT,Cold_Shut
689.2,206.3,3.04,746.8,676.3,0.0517,7.99,-0.803,AlSi9Cu3,OK,No_Defect
674.0,198.9,2.43,823.1,714.0,0.0494,8.39,-0.837,AlSi12,OK,No_Defect
689.9,184.5,2.83,749.6,651.3,0.049,7.75,-0.821,AlSi10Mg,OK,No_Defect
674.4,196.9,2.77,743.9,613.7,0.0468,8.74,-0.888,AlSi9Cu3,OK,No_Defect
679.5,203.1,2.82,732.2,675.2,0.0593,8.38,-0.89,AlSi9Cu3,OK,No_Defect
693.1,198.8,2.78,729.6,595.7,0.0465,7.87,-0.868,AlSi12,OK,No_Defect
656.6,174.4,1.98,688.1,594.9,0.0557,8.64,-0.808,AlSi9Cu3,DEFECT,Cold_Shut
681.1,200.1,2.67,742.7,603.8,0.0454,7.92,-0.858,AlSi9Cu3,OK,No_Defect
706.1,195.0,2.79,763.6,517.3,0.0327,8.26,-0.772,AlSi9Cu3,DEFECT,Porosity
687.6,213.1,2.73,776.1,683.0,0.0423,8.1,-0.873,AlSi9Cu3,OK,No_Defect
698.6,218.1,2.93,766.0,626.3,0.0442,8.97,-0.882,AlSi9Cu3,OK,No_Defect
682.7,173.6,2.58,746.0,645.8,0.0522,8.19,-0.865,AlSi12,OK,No_Defect
684.5,211.0,2.74,739.6,572.1,0.0496,8.37,-0.821,AlSi9Cu3,OK,No_Defect
679.0,182.4,2.89,741.4,681.0,0.0397,7.75,-0.835,AlSi9Cu3,OK,No_Defect
689.3,188.1,2.46,686.2,646.6,0.0453,8.32,-0.804,AlSi12,OK,No_Defect
685.8,186.5,2.8,681.4,665.7,0.0451,7.66,-0.788,AlSi9Cu3,OK,No_Defect
666.9,151.4,2.35,520.0,562.6,0.0597,8.32,-0.845,AlSi9Cu3,DEFECT,Cold_Shut
678.6,212.8,2.79,638.7,531.4,0.0347,8.32,-0.75,AlSi12,DEFECT,Porosity
684.4,176.7,2.52,772.7,651.6,0.0438,7.46,-0.831,AlSi10Mg,OK,No_Defect
674.7,205.2,2.52,766.2,689.3,0.0463,7.67,-0.88,AlSi9Cu3,OK,No_Defect
660.8,171.4,2.31,649.5,579.4,0.0752,8.4,-0.787,AlSi10Mg,DEFECT,Cold_Shut
680.6,185.9,2.67,753.0,645.7,0.0544,8.14,-0.873,AlSi9Cu3,OK,No_Defect
680.5,198.1,2.86,759.0,612.2,0.0515,7.86,-0.823,AlSi12,OK,No_Defect
670.9,195.2,2.58,751.9,695.8,0.0496,7.85,-0.824,AlSi10Mg,OK,No_Defect
666.1,179.3,1.94,547.8,577.4,0.0688,8.13,-0.73,AlSi10Mg,DEFECT,Cold_Shut
660.3,181.3,2.16,729.8,581.3,0.0667,8.67,-0.81,AlSi12,DEFECT,Cold_Shut
690.0,206.0,2.82,710.9,606.3,0.0538,8.61,-0.908,AlSi10Mg,OK,No_Defect
668.5,217.2,2.87,821.5,680.9,0.0476,10.11,-0.732,AlSi10Mg,DEFECT,Surface_Defect
695.3,201.7,2.98,781.2,708.1,0.0432,8.7,-0.836,AlSi9Cu3,OK,No_Defect
700.9,188.2,2.77,735.3,573.9,0.0373,8.29,-0.871,AlSi9Cu3,OK,No_Defect
689.4,197.9,2.65,795.5,631.5,0.0498,8.22,-0.903,AlSi9Cu3,OK,No_Defect
691.7,194.0,2.55,711.3,650.1,0.0555,8.07,-0.902,AlSi9Cu3,OK,No_Defect
700.8,196.5,2.66,737.5,653.6,0.0433,7.75,-0.824,AlSi9Cu3,OK,No_Defect
686.7,212.2,3.23,797.6,487.6,0.0322,8.28,-0.634,AlSi10Mg,DEFECT,Porosity
668.7,185.2,2.9,775.1,607.8,0.0406,8.11,-0.854,AlSi12,OK,No_Defect
686.8,198.9,2.8,698.3,694.3,0.0547,8.43,-0.826,AlSi9Cu3,OK,No_Defect
683.0,196.7,2.82,762.9,637.2,0.0522,8.57,-0.797,AlSi9Cu3,OK,No_Defect
687.1,210.8,2.67,706.8,711.5,0.0441,8.64,-0.85,AlSi9Cu3,OK,No_Defect
686.8,170.7,2.59,715.6,639.3,0.0466,7.69,-0.865,AlSi9Cu3,OK,No_Defect
681.1,183.5,2.86,788.0,686.6,0.0437,8.23,-0.852,AlSi9Cu3,OK,No_Defect
674.0,167.8,1.95,540.5,450.0,0.0594,9.01,-0.796,AlSi9Cu3,DEFECT,Cold_Shut
687.2,206.4,2.68,797.4,639.0,0.0509,8.2,-0.862,AlSi9Cu3,OK,No_Defect
677.1,190.6,3.06,709.6,660.9,0.0448,7.48,-0.846,AlSi12,OK,No_Defect
669.4,196.7,2.84,706.1,609.3,0.0441,8.22,-0.829,AlSi9Cu3,OK,No_Defect
683.0,199.3,2.84,788.6,631.8,0.0411,8.96,-0.838,AlSi12,OK,No_Defect
689.6,188.8,2.57,775.5,630.0,0.0482,7.13,-0.856,AlSi10Mg,OK,No_Defect
668.4,169.4,2.29,546.6,566.4,0.066,7.14,-0.847,AlSi9Cu3,DEFECT,Cold_Shut
679.7,201.2,2.87,753.8,637.2,0.0445,8.55,-0.826,AlSi9Cu3,OK,No_Defect
676.0,191.6,2.61,723.9,666.0,0.0431,8.6,-0.817,AlSi10Mg,OK,No_Defect
673.4,184.8,2.88,738.0,669.7,0.0498,8.49,-0.893,AlSi9Cu3,OK,No_Defect
673.5,197.6,2.77,747.4,646.9,0.0497,8.35,-0.857,AlSi12,OK,No_Defect
687.5,190.8,3.25,848.6,761.0,0.0403,8.58,-0.83,AlSi12,DEFECT,Flash
676.0,179.8,3.0,694.1,571.4,0.0437,7.95,-0.84,AlSi10Mg,OK,No_Defect
661.8,170.4,1.75,667.4,516.4,0.0589,8.56,-0.771,AlSi9Cu3,DEFECT,Cold_Shut
661.5,193.8,2.43,751.5,619.8,0.0666,7.77,-0.829,AlSi12,DEFECT,Cold_Shut
669.5,154.6,1.92,734.5,615.7,0.0654,8.12,-0.903,AlSi9Cu3,DEFECT,Cold_Shut
680.3,194.4,2.87,794.8,630.5,0.0485,8.32,-0.821,AlSi10Mg,OK,No_Defect
680.1,216.6,3.39,894.6,764.7,0.0308,8.27,-0.762,AlSi9Cu3,DEFECT,Flash
677.0,188.1,2.6,730.3,629.6,0.0518,8.45,-0.884,AlSi12,OK,No_Defect
662.3,173.5,2.19,674.3,518.9,0.0615,8.43,-0.73,AlSi12,DEFECT,Cold_Shut
684.2,187.8,2.77,765.8,611.5,0.0476,8.08,-0.854,AlSi9Cu3,OK,No_Defect
686.1,183.0,3.11,703.3,565.6,0.03,8.17,-0.708,AlSi9Cu3,DEFECT,Porosity
686.9,213.2,3.06,745.5,703.7,0.0375,8.39,-0.863,AlSi9Cu3,OK,No_Defect
678.0,189.5,3.27,797.2,610.6,0.0428,7.73,-0.637,AlSi9Cu3,DEFECT,Porosity
678.5,203.7,3.08,707.5,680.4,0.0392,9.09,-0.884,AlSi9Cu3,OK,No_Defect
670.6,198.5,2.86,743.1,582.6,0.0548,8.92,-0.833,AlSi12,OK,No_Defect
658.3,167.7,1.65,624.5,694.8,0.0654,8.45,-0.864,AlSi10Mg,DEFECT,Cold_Shut
680.1,184.8,2.71,730.2,599.5,0.0508,8.21,-0.85,AlSi9Cu3,OK,No_Defect
674.4,180.7,2.67,784.7,699.5,0.0438,7.16,-0.876,AlSi10Mg,OK,No_Defect
672.5,162.0,2.59,647.3,545.1,0.0674,8.05,-0.797,AlSi9Cu3,DEFECT,Cold_Shut
695.9,214.4,3.36,950.0,756.6,0.0288,7.46,-0.928,AlSi10Mg,DEFECT,Flash
689.7,199.5,3.28,761.3,551.4,0.0376,8.01,-0.689,AlSi10Mg,DEFECT,Porosity
680.5,198.0,2.63,737.3,690.1,0.0482,8.07,-0.861,AlSi9Cu3,OK,No_Defect
683.0,195.8,2.7,725.9,669.1,0.0443,7.83,-0.855,AlSi9Cu3,OK,No_Defect
674.8,183.1,3.14,784.7,644.8,0.0357,8.51,-0.701,AlSi10Mg,DEFECT,Porosity
691.2,191.3,3.08,765.6,628.2,0.0417,7.43,-0.828,AlSi9Cu3,OK,No_Defect
673.8,181.8,2.77,642.0,649.1,0.0483,9.13,-0.873,AlSi9Cu3,OK,No_Defect
679.2,194.1,2.74,799.4,653.1,0.0484,8.02,-0.829,AlSi9Cu3,OK,No_Defect
687.8,210.1,2.73,704.1,608.8,0.0449,8.14,-0.841,AlSi12,OK,No_Defect
685.6,222.6,3.07,730.3,642.2,0.0442,8.64,-0.836,AlSi10Mg,OK,No_Defect
676.3,189.7,2.74,695.8,625.3,0.043,8.92,-0.831,AlSi9Cu3,OK,No_Defect
683.7,193.7,2.83,744.2,678.7,0.0433,8.12,-0.908,AlSi12,OK,No_Defect
694.3,206.0,2.63,740.3,659.4,0.0552,8.61,-0.797,AlSi10Mg,OK,No_Defect
660.2,147.5,2.2,585.6,677.4,0.0721,8.07,-0.834,AlSi9Cu3,DEFECT,Cold_Shut
682.6,202.7,2.63,760.2,618.1,0.0484,8.32,-0.795,AlSi10Mg,OK,No_Defect
680.8,201.2,2.66,800.3,662.2,0.0517,7.93,-0.802,AlSi10Mg,OK,No_Defect
684.7,175.1,2.26,736.5,643.0,0.0563,7.35,-0.781,AlSi9Cu3,OK,No_Defect
688.5,196.8,3.04,766.4,610.0,0.0419,8.24,-0.815,AlSi10Mg,OK,No_Defect
690.7,192.7,3.16,775.2,600.0,0.0403,7.72,-0.615,AlSi12,DEFECT,Porosity
680.2,207.6,2.44,718.4,718.9,0.0464,8.14,-0.899,AlSi10Mg,OK,No_Defect
677.7,202.5,3.5,595.1,594.7,0.0481,8.53,-0.528,AlSi10Mg,DEFECT,Porosity
686.8,205.7,3.28,795.8,772.6,0.0368,8.11,-0.961,AlSi10Mg,DEFECT,Flash
676.8,207.0,2.76,811.6,663.8,0.051,8.16,-0.839,AlSi12,OK,No_Defect
682.0,194.1,2.56,624.8,604.3,0.0548,8.23,-0.793,AlSi9Cu3,OK,No_Defect
685.2,220.8,3.21,905.7,694.9,0.028,8.52,-0.88,AlSi9Cu3,DEFECT,Flash
693.1,222.9,2.72,764.1,668.9,0.0532,9.36,-0.847,AlSi9Cu3,OK,No_Defect
663.1,184.8,3.09,709.4,684.1,0.0409,9.0,-0.552,AlSi9Cu3,DEFECT,Porosity
679.0,181.5,2.68,769.3,582.8,0.0425,7.46,-0.786,AlSi9Cu3,OK,No_Defect
676.4,198.4,2.82,714.7,597.9,0.0357,7.72,-0.81,AlSi9Cu3,OK,No_Defect
691.1,189.6,2.88,806.1,615.4,0.042,8.74,-0.868,AlSi10Mg,OK,No_Defect
681.2,227.5,3.02,719.5,648.2,0.0426,10.35,-0.776,AlSi10Mg,DEFECT,Surface_Defect
677.9,213.0,2.79,701.3,637.9,0.0455,8.71,-0.907,AlSi12,OK,No_Defect
674.0,183.7,2.48,705.1,681.6,0.0432,7.46,-0.904,AlSi9Cu3,OK,No_Defect
684.9,215.0,3.4,922.3,790.0,0.0408,8.2,-0.811,AlSi9Cu3,DEFECT,Flash
670.6,196.7,2.6,736.4,681.8,0.0431,8.66,-0.873,AlSi12,OK,No_Defect
676.0,206.7,2.53,804.6,605.3,0.0495,8.07,-0.79,AlSi9Cu3,OK,No_Defect
667.6,184.5,2.54,730.9,670.4,0.0564,7.48,-0.88,AlSi9Cu3,OK,No_Defect
691.6,200.9,2.56,743.1,673.4,0.0466,8.23,-0.874,AlSi9Cu3,OK,No_Defect
670.3,214.8,2.84,759.1,643.1,0.0435,8.45,-0.841,AlSi12,OK,No_Defect
678.6,198.3,2.89,813.0,720.7,0.0445,8.12,-0.843,AlSi9Cu3,OK,No_Defect
680.0,211.2,2.31,774.6,634.2,0.0536,8.55,-0.863,AlSi9Cu3,OK,No_Defect
690.1,190.6,2.65,741.7,676.1,0.0495,7.99,-0.83,AlSi10Mg,OK,No_Defect
675.5,215.9,2.74,680.3,616.4,0.0501,8.54,-0.869,AlSi10Mg,OK,No_Defect
678.9,185.4,2.41,738.4,647.1,0.0502,7.77,-0.823,AlSi9Cu3,OK,No_Defect
678.3,215.4,2.46,715.4,612.6,0.0488,8.92,-0.792,AlSi12,OK,No_Defect
667.6,191.5,2.7,829.7,573.1,0.0488,7.64,-0.866,AlSi9Cu3,OK,No_Defect
685.2,202.4,2.62,752.1,530.0,0.0493,8.09,-0.819,AlSi10Mg,OK,No_Defect
687.2,235.0,2.92,776.7,639.0,0.046,9.13,-0.814,AlSi10Mg,OK,No_Defect
699.9,200.1,3.06,807.6,603.8,0.0453,8.99,-0.865,AlSi10Mg,OK,No_Defect
665.9,163.3,2.07,649.2,473.3,0.0641,8.26,-0.876,AlSi12,DEFECT,Cold_Shut
659.3,189.8,2.46,627.3,676.3,0.0643,7.57,-0.882,AlSi10Mg,DEFECT,Cold_Shut
685.4,186.8,2.68,779.5,660.2,0.0463,8.31,-0.818,AlSi9Cu3,OK,No_Defect
668.4,184.1,2.79,723.9,640.5,0.0428,7.95,-0.832,AlSi9Cu3,OK,No_Defect
669.6,201.4,2.65,760.2,637.8,0.0436,8.57,-0.835,AlSi9Cu3,OK,No_Defect
667.2,191.4,2.79,714.3,577.3,0.0459,8.53,-0.856,AlSi9Cu3,OK,No_Defect
668.6,193.8,2.26,715.6,640.6,0.042,7.58,-0.89,AlSi10Mg,OK,No_Defect
683.4,201.1,2.9,732.1,631.4,0.0375,8.23,-0.884,AlSi10Mg,OK,No_Defect
675.9,200.4,2.55,723.7,630.9,0.0391,8.29,-0.833,AlSi10Mg,OK,No_Defect
693.0,186.7,2.74,750.1,655.3,0.0466,8.25,-0.859,AlSi10Mg,OK,No_Defect
699.0,201.2,2.77,701.1,594.7,0.0468,8.34,-0.909,AlSi9Cu3,OK,No_Defect
675.3,205.4,2.82,735.3,667.8,0.048,8.33,-0.819,AlSi12,OK,No_Defect
662.5,172.8,2.15,533.6,517.8,0.0568,8.06,-0.87,AlSi9Cu3,DEFECT,Cold_Shut
682.7,191.1,2.84,773.7,678.0,0.0516,7.48,-0.894,AlSi12,OK,No_Defect
684.8,202.5,2.87,684.8,682.2,0.0506,8.04,-0.821,AlSi9Cu3,OK,No_Defect
681.8,184.2,2.67,694.0,701.0,0.0487,8.25,-0.855,AlSi12,OK,No_Defect
675.8,184.0,2.66,793.5,625.5,0.0559,7.99,-0.829,AlSi10Mg,OK,No_Defect
677.8,212.7,2.9,706.7,621.1,0.0464,8.72,-0.874,AlSi12,OK,No_Defect
691.1,204.0,2.84,810.2,674.0,0.0413,8.96,-0.841,AlSi10Mg,OK,No_Defect
683.6,196.3,2.75,703.5,671.5,0.0436,8.08,-0.806,AlSi9Cu3,OK,No_Defect
688.7,190.5,2.57,742.6,659.2,0.0396,8.34,-0.874,AlSi9Cu3,OK,No_Defect
682.8,212.7,2.65,734.6,616.3,0.042,8.61,-0.843,AlSi12,OK,No_Defect
670.3,179.6,2.67,725.2,601.4,0.0433,7.87,-0.889,AlSi12,OK,No_Defect
678.5,187.3,2.59,751.8,630.7,0.0488,7.94,-0.895,AlSi10Mg,OK,No_Defect
671.7,196.6,2.85,749.5,594.9,0.0483,7.8,-0.87,AlSi12,OK,No_Defect
682.1,210.8,2.91,753.9,724.8,0.0512,8.45,-0.888,AlSi9Cu3,OK,No_Defect
687.7,191.9,2.45,724.4,578.4,0.0428,7.94,-0.829,AlSi10Mg,OK,No_Defect
690.5,190.0,2.71,789.3,644.3,0.0451,8.1,-0.811,AlSi9Cu3,OK,No_Defect
676.4,205.0,2.93,788.1,672.8,0.0439,8.66,-0.839,AlSi9Cu3,OK,No_Defect
695.1,198.9,2.87,720.2,726.2,0.0364,8.05,-0.889,AlSi10Mg,OK,No_Defect
667.6,195.8,2.78,757.1,662.0,0.0391,8.32,-0.853,AlSi9Cu3,OK,No_Defect
672.2,188.8,2.68,727.3,691.7,0.0531,8.97,-0.79,AlSi9Cu3,OK,No_Defect
672.9,190.2,2.86,807.3,728.8,0.0428,8.11,-0.85,AlSi10Mg,OK,No_Defect
664.7,183.0,2.57,766.5,619.9,0.0458,8.36,-0.848,AlSi9Cu3,OK,No_Defect
664.2,185.7,2.54,715.5,612.9,0.0481,7.13,-0.906,AlSi9Cu3,OK,No_Defect
665.3,200.0,2.98,759.6,533.5,0.0427,8.11,-0.695,AlSi9Cu3,DEFECT,Porosity
684.7,189.7,2.57,714.1,648.0,0.0516,8.17,-0.869,AlSi10Mg,OK,No_Defect
690.1,196.4,2.68,766.5,661.0,0.041,8.16,-0.855,AlSi10Mg,OK,No_Defect
694.5,209.1,3.28,893.9,777.2,0.0358,7.76,-0.773,AlSi10Mg,DEFECT,Flash
661.1,171.4,1.78,590.0,450.0,0.0549,8.68,-0.828,AlSi9Cu3,DEFECT,Cold_Shut
672.3,183.8,2.76,779.6,639.7,0.048,8.04,-0.857,AlSi9Cu3,OK,No_Defect
674.1,192.7,2.8,791.1,663.5,0.0439,7.3,-0.846,AlSi9Cu3,OK,No_Defect
670.1,191.6,2.7,727.8,616.6,0.0478,8.02,-0.89,AlSi10Mg,OK,No_Defect
694.1,201.6,2.69,763.3,737.3,0.0476,8.0,-0.815,AlSi9Cu3,OK,No_Defect
678.2,200.6,2.8,741.6,659.1,0.0551,8.64,-0.859,AlSi12,OK,No_Defect
669.3,171.4,2.11,583.7,497.9,0.0632,7.46,-0.818,AlSi10Mg,DEFECT,Cold_Shut
686.3,209.3,2.83,768.4,681.1,0.0443,9.49,-0.827,AlSi10Mg,OK,No_Defect
677.7,190.7,2.76,775.3,645.6,0.0511,8.56,-0.822,AlSi9Cu3,OK,No_Defect
679.3,204.8,2.98,872.4,588.8,0.0319,7.64,-0.753,AlSi9Cu3,DEFECT,Porosity
691.5,205.5,2.68,732.4,662.7,0.0453,8.69,-0.756,AlSi12,OK,No_Defect
684.1,198.3,2.74,772.5,624.0,0.0443,8.28,-0.811,AlSi9Cu3,OK,No_Defect
686.5,193.5,3.2,792.4,540.8,0.0408,8.68,-0.667,AlSi10Mg,DEFECT,Porosity
688.4,201.0,2.66,782.3,580.3,0.0497,8.92,-0.79,AlSi10Mg,OK,No_Defect
651.2,181.1,2.14,692.6,578.8,0.0654,8.71,-0.82,AlSi10Mg,DEFECT,Cold_Shut
701.9,229.0,3.16,885.5,645.6,0.0317,7.88,-0.774,AlSi10Mg,DEFECT,Flash
682.9,223.3,3.25,813.7,787.5,0.0341,7.4,-0.898,AlSi12,DEFECT,Flash
666.5,182.5,2.67,770.9,647.2,0.0478,7.55,-0.87,AlSi9Cu3,OK,No_Defect
685.8,196.1,2.92,786.3,713.7,0.0411,7.91,-0.839,AlSi10Mg,OK,No_Defect
678.0,185.9,2.6,710.8,662.5,0.0493,7.6,-0.86,AlSi10Mg,OK,No_Defect
679.7,218.0,2.72,736.5,645.0,0.0532,9.15,-0.833,AlSi9Cu3,OK,No_Defect
669.5,182.5,2.72,766.2,618.8,0.0383,8.4,-0.641,AlSi10Mg,DEFECT,Porosity
669.9,200.0,2.71,684.0,659.7,0.048,8.14,-0.806,AlSi10Mg,OK,No_Defect
681.6,196.4,2.66,812.6,655.6,0.0444,8.34,-0.84,AlSi9Cu3,OK,No_Defect
662.1,192.5,2.68,692.7,606.1,0.0561,8.6,-0.816,AlSi9Cu3,OK,No_Defect
694.2,187.8,2.68,750.9,653.9,0.0488,7.87,-0.794,AlSi10Mg,OK,No_Defect
693.0,189.9,2.66,713.2,613.2,0.0484,8.17,-0.888,AlSi10Mg,OK,No_Defect
684.9,191.5,2.92,801.9,698.8,0.0329,7.99,-0.868,AlSi10Mg,OK,No_Defect
701.7,184.6,3.42,759.5,469.3,0.0329,8.5,-0.653,AlSi9Cu3,DEFECT,Porosity
675.0,181.9,2.63,728.4,622.8,0.0487,8.26,-0.897,AlSi9Cu3,OK,No_Defect
675.9,183.4,2.78,789.0,671.9,0.0462,7.58,-0.812,AlSi9Cu3,OK,No_Defect
708.5,231.0,3.13,897.2,752.0,0.0391,9.02,-0.882,AlSi9Cu3,DEFECT,Flash
700.8,213.5,2.6,801.6,649.0,0.0416,8.39,-0.828,AlSi9Cu3,OK,No_Defect
690.4,193.6,2.68,689.0,631.8,0.0519,7.81,-0.882,AlSi10Mg,OK,No_Defect
682.6,212.9,2.77,767.5,733.7,0.0508,8.75,-0.839,AlSi12,OK,No_Defect
680.0,202.5,2.75,769.8,685.5,0.0489,7.85,-0.864,AlSi10Mg,OK,No_Defect
673.7,182.4,2.94,665.6,574.8,0.0451,7.55,-0.844,AlSi12,OK,No_Defect
682.7,202.2,2.89,757.9,638.7,0.0455,8.87,-0.834,AlSi9Cu3,OK,No_Defect
684.3,199.7,3.1,742.7,672.7,0.0413,8.15,-0.862,AlSi9Cu3,OK,No_Defect
682.0,181.7,2.51,730.0,628.9,0.0444,8.35,-0.855,AlSi9Cu3,OK,No_Defect
699.6,202.6,2.66,765.7,654.2,0.0477,8.13,-0.848,AlSi10Mg,OK,No_Defect
696.8,191.6,3.17,691.1,638.4,0.0457,8.29,-0.855,AlSi9Cu3,OK,No_Defect
682.3,196.5,2.97,860.1,641.7,0.0533,8.48,-0.82,AlSi9Cu3,OK,No_Defect
676.8,188.9,2.52,711.6,652.2,0.0476,8.64,-0.856,AlSi10Mg,OK,No_Defect
682.4,185.8,2.68,704.0,608.5,0.0447,7.95,-0.913,AlSi10Mg,OK,No_Defect
671.7,192.3,2.52,752.7,662.5,0.0493,8.33,-0.853,AlSi9Cu3,OK,No_Defect
670.8,204.2,2.76,714.5,648.5,0.0483,8.37,-0.829,AlSi10Mg,OK,No_Defect
692.1,207.7,2.75,731.0,665.2,0.0417,7.83,-0.885,AlSi9Cu3,OK,No_Defect
678.7,200.1,2.77,721.6,716.0,0.0407,8.33,-0.813,AlSi10Mg,OK,No_Defect
690.0,206.3,2.89,734.8,571.8,0.0442,8.64,-0.895,AlSi10Mg,OK,No_Defect
667.3,193.3,2.79,773.6,630.8,0.0523,8.91,-0.868,AlSi9Cu3,OK,No_Defect
684.0,190.6,2.7,756.6,693.6,0.0448,8.29,-0.834,AlSi9Cu3,OK,No_Defect
676.8,222.3,3.14,835.8,695.3,0.0375,8.1,-0.853,AlSi9Cu3,DEFECT,Flash
661.5,178.6,2.82,770.4,693.2,0.0437,8.45,-0.799,AlSi9Cu3,OK,No_Defect
690.2,212.1,3.15,777.6,691.7,0.0463,8.02,-0.817,AlSi10Mg,OK,No_Defect
698.1,188.0,2.65,782.4,630.8,0.0581,7.38,-0.898,AlSi10Mg,OK,No_Defect
680.9,164.4,3.09,745.9,626.7,0.0395,8.33,-0.601,AlSi9Cu3,DEFECT,Porosity
688.3,207.5,2.81,739.1,634.2,0.0482,8.34,-0.831,AlSi10Mg,OK,No_Defect
693.2,187.4,2.37,755.4,705.8,0.0496,7.92,-0.837,AlSi10Mg,OK,No_Defect
679.8,208.7,2.57,736.4,666.1,0.041,8.13,-0.857,AlSi9Cu3,OK,No_Defect
673.9,174.7,2.57,773.4,676.7,0.0435,7.71,-0.881,AlSi9Cu3,OK,No_Defect
690.8,196.3,2.77,739.4,680.2,0.0494,8.08,-0.778,AlSi9Cu3,OK,No_Defect
681.6,201.1,2.61,776.2,695.8,0.0562,8.71,-0.922,AlSi9Cu3,OK,No_Defect
697.4,197.4,3.08,774.1,659.2,0.0414,7.65,-0.846,AlSi9Cu3,OK,No_Defect
675.9,202.3,2.82,798.5,750.9,0.0402,8.23,-0.817,AlSi9Cu3,OK,No_Defect
691.6,186.9,2.59,747.4,685.7,0.0446,7.92,-0.903,AlSi12,OK,No_Defect
667.0,174.1,2.78,710.7,687.0,0.045,7.83,-0.824,AlSi9Cu3,OK,No_Defect
662.4,187.7,2.3,570.0,536.5,0.0663,7.52,-0.855,AlSi9Cu3,DEFECT,Cold_Shut
707.0,211.5,2.56,657.3,696.5,0.0441,8.13,-0.84,AlSi10Mg,OK,No_Defect
663.1,145.0,2.08,677.4,560.4,0.0569,8.28,-0.97,AlSi10Mg,DEFECT,Cold_Shut
673.0,195.3,2.72,795.9,642.4,0.0502,8.65,-0.797,AlSi12,OK,No_Defect
691.3,209.8,2.8,748.0,739.8,0.0468,8.14,-0.809,AlSi10Mg,OK,No_Defect
692.9,223.6,3.44,886.1,750.5,0.0365,7.52,-0.718,AlSi9Cu3,DEFECT,Flash
694.2,184.9,2.89,774.6,691.6,0.0437,8.11,-0.776,AlSi10Mg,OK,No_Defect
660.4,179.0,2.51,792.9,673.0,0.0414,7.8,-0.836,AlSi9Cu3,OK,No_Defect
672.5,204.7,2.67,768.9,646.4,0.0432,8.55,-0.847,AlSi9Cu3,OK,No_Defect
668.6,198.7,2.6,764.9,665.0,0.0475,7.84,-0.823,AlSi10Mg,OK,No_Defect
662.3,164.0,2.23,655.3,612.7,0.0662,8.16,-0.857,AlSi10Mg,DEFECT,Cold_Shut
690.2,193.6,2.73,735.2,633.5,0.0485,7.95,-0.87,AlSi9Cu3,OK,No_Defect
669.0,226.3,2.5,725.9,632.3,0.0444,9.55,-0.97,AlSi9Cu3,DEFECT,Surface_Defect
688.4,212.1,2.47,812.8,657.7,0.0487,8.72,-0.863,AlSi10Mg,OK,No_Defect
682.3,211.6,3.34,801.1,628.5,0.0525,7.14,-0.678,AlSi12,DEFECT,Porosity
690.0,173.7,3.09,809.8,525.2,0.0387,8.71,-0.676,AlSi9Cu3,DEFECT,Porosity
663.4,211.7,2.3,775.1,685.1,0.0544,8.51,-0.836,AlSi12,OK,No_Defect
670.7,191.7,2.78,707.8,557.7,0.049,8.44,-0.591,AlSi9Cu3,DEFECT,Porosity
681.7,193.9,2.33,730.7,628.0,0.0453,7.76,-0.848,AlSi10Mg,OK,No_Defect
674.6,197.1,2.5,775.0,686.9,0.0492,7.83,-0.831,AlSi9Cu3,OK,No_Defect
678.0,194.1,2.54,757.7,643.7,0.0493,8.75,-0.758,AlSi12,OK,No_Defect
678.8,211.1,3.2,805.0,678.9,0.0453,8.32,-0.851,AlSi12,OK,No_Defect
689.2,189.2,2.84,797.6,734.6,0.0404,7.86,-0.888,AlSi10Mg,OK,No_Defect
668.9,179.6,2.55,775.6,638.5,0.0414,8.12,-0.873,AlSi10Mg,OK,No_Defect
680.9,196.7,2.7,786.0,680.1,0.0402,8.91,-0.875,AlSi10Mg,OK,No_Defect
688.0,200.7,2.58,809.4,668.7,0.055,8.97,-0.85,AlSi12,OK,No_Defect
653.4,161.1,2.08,588.2,450.0,0.0671,8.1,-0.903,AlSi10Mg,DEFECT,Cold_Shut
681.8,211.7,2.85,733.8,676.2,0.0452,8.92,-0.802,AlSi9Cu3,OK,No_Defect
682.2,204.3,2.65,728.8,675.8,0.0436,9.22,-0.772,AlSi9Cu3,OK,No_Defect
655.4,172.2,2.07,639.3,630.9,0.0683,9.21,-0.891,AlSi12,DEFECT,Cold_Shut
682.6,195.6,2.53,786.9,654.5,0.0443,8.24,-0.878,AlSi9Cu3,OK,No_Defect
681.4,214.4,2.23,720.3,622.7,0.0472,8.72,-0.837,AlSi9Cu3,OK,No_Defect
692.5,205.5,2.73,729.9,629.9,0.0484,8.43,-0.817,AlSi9Cu3,OK,No_Defect
684.9,179.1,2.7,701.6,562.5,0.0399,8.39,-0.863,AlSi9Cu3,OK,No_Defect
678.2,187.4,2.56,735.2,606.8,0.0529,8.58,-0.843,AlSi12,OK,No_Defect
679.3,185.8,2.57,719.0,642.6,0.0541,8.59,-0.833,AlSi10Mg,OK,No_Defect
700.7,213.0,3.24,782.3,785.5,0.0376,7.8,-0.84,AlSi12,DEFECT,Flash
682.2,193.0,2.59,764.6,683.6,0.0504,8.26,-0.846,AlSi10Mg,OK,No_Defect
670.0,200.4,2.69,756.4,606.7,0.0499,9.13,-0.84,AlSi9Cu3,OK,No_Defect
697.8,195.1,2.78,761.1,653.9,0.0454,8.2,-0.866,AlSi9Cu3,OK,No_Defect
684.1,201.8,2.74,766.6,646.2,0.0496,8.19,-0.883,AlSi12,OK,No_Defect
669.0,186.6,2.76,772.9,653.9,0.0456,8.21,-0.793,AlSi9Cu3,OK,No_Defect
676.5,197.9,2.56,717.4,708.8,0.0481,8.79,-0.855,AlSi9Cu3,OK,No_Defect
684.6,189.8,2.47,784.4,668.3,0.0519,7.96,-0.822,AlSi10Mg,OK,No_Defect
683.9,212.9,2.86,709.7,653.1,0.0557,8.35,-0.959,AlSi9Cu3,OK,No_Defect
684.8,183.7,2.76,736.0,659.4,0.0487,8.09,-0.832,AlSi9Cu3,OK,No_Defect
668.2,173.0,2.19,665.0,619.0,0.067,9.0,-0.822,AlSi10Mg,DEFECT,Cold_Shut
672.5,194.6,2.54,726.2,648.8,0.05,8.19,-0.815,AlSi9Cu3,OK,No_Defect
679.6,195.2,2.84,745.4,640.2,0.0459,8.27,-0.86,AlSi9Cu3,OK,No_Defect
684.2,179.8,2.72,752.3,524.8,0.0527,7.15,-0.877,AlSi9Cu3,OK,No_Defect
670.4,196.0,2.78,775.9,728.9,0.0456,7.42,-0.906,AlSi9Cu3,OK,No_Defect
683.6,209.3,3.13,758.1,670.1,0.0373,8.52,-0.863,AlSi9Cu3,OK,No_Defect
680.0,189.6,2.99,790.6,626.9,0.0347,7.97,-0.603,AlSi9Cu3,DEFECT,Porosity
668.1,147.9,1.98,652.5,662.7,0.0622,7.68,-0.899,AlSi10Mg,DEFECT,Cold_Shut
676.7,210.6,2.51,814.5,660.3,0.0396,9.41,-0.762,AlSi12,DEFECT,Surface_Defect
677.9,196.2,2.96,787.8,662.2,0.0469,8.62,-0.899,AlSi9Cu3,OK,No_Defect
671.6,165.4,2.25,606.2,599.1,0.056,8.23,-0.87,AlSi10Mg,DEFECT,Cold_Shut
684.5,210.2,2.75,810.6,648.2,0.0443,8.36,-0.841,AlSi9Cu3,OK,No_Defect
671.2,218.1,2.93,792.0,673.9,0.0497,9.54,-0.853,AlSi9Cu3,DEFECT,Surface_Defect
695.0,224.5,3.0,912.3,724.5,0.0328,7.53,-0.72,AlSi9Cu3,DEFECT,Flash
681.0,204.4,3.5,798.9,572.2,0.0345,7.98,-0.688,AlSi12,DEFECT,Porosity
673.3,189.0,2.67,763.6,665.2,0.0507,8.51,-0.821,AlSi10Mg,OK,No_Defect
684.2,223.0,2.86,741.1,637.2,0.0462,8.78,-0.855,AlSi9Cu3,OK,No_Defect
673.5,183.2,2.9,735.1,624.9,0.0545,7.93,-0.882,AlSi9Cu3,OK,No_Defect
687.2,207.9,2.68,691.8,681.7,0.0514,8.8,-0.876,AlSi10Mg,OK,No_Defect
691.4,205.1,2.89,693.7,619.7,0.0461,8.45,-0.818,AlSi9Cu3,OK,No_Defect
671.2,178.5,2.69,783.6,699.6,0.048,8.0,-0.881,AlSi9Cu3,OK,No_Defect
680.5,206.3,3.06,776.1,520.8,0.043,7.7,-0.582,AlSi9Cu3,DEFECT,Porosity
691.9,197.5,2.82,721.2,680.5,0.0476,8.33,-0.838,AlSi9Cu3,OK,No_Defect
663.3,201.9,2.96,698.4,673.7,0.0369,7.92,-0.918,AlSi9Cu3,OK,No_Defect
681.1,196.2,2.88,805.9,630.8,0.0463,8.42,-0.832,AlSi9Cu3,OK,No_Defect
674.4,191.7,2.82,661.7,622.6,0.0432,8.83,-0.814,AlSi9Cu3,OK,No_Defect
684.9,203.3,2.71,781.1,622.6,0.0552,8.64,-0.831,AlSi10Mg,OK,No_Defect
671.6,178.7,2.79,774.0,602.3,0.0387,7.99,-0.794,AlSi9Cu3,OK,No_Defect
678.3,212.9,2.95,777.1,643.2,0.0389,9.04,-0.967,AlSi9Cu3,OK,No_Defect
697.4,212.8,3.03,779.5,655.7,0.0476,8.44,-0.801,AlSi9Cu3,OK,No_Defect
688.3,200.1,2.54,739.4,677.7,0.0503,8.49,-0.856,AlSi9Cu3,OK,No_Defect
685.4,211.0,2.73,715.8,613.8,0.0436,8.46,-0.884,AlSi12,OK,No_Defect
678.3,179.8,3.12,805.0,627.5,0.04,8.24,-0.883,AlSi9Cu3,OK,No_Defect
696.7,211.4,3.29,856.2,765.2,0.0375,7.58,-0.867,AlSi9Cu3,DEFECT,Flash
684.3,214.2,3.39,950.0,713.3,0.0331,7.83,-0.725,AlSi12,DEFECT,Flash
686.6,205.2,2.8,754.5,681.6,0.0427,8.15,-0.834,AlSi9Cu3,OK,No_Defect
679.8,203.9,2.97,717.3,631.5,0.0519,8.74,-0.818,AlSi9Cu3,OK,No_Defect
692.4,182.4,2.38,697.9,699.5,0.0487,8.23,-0.763,AlSi9Cu3,OK,No_Defect
679.9,207.2,2.76,789.2,674.8,0.0453,8.12,-0.804,AlSi9Cu3,OK,No_Defect
667.1,208.8,2.68,803.2,629.1,0.0432,9.67,-0.875,AlSi10Mg,DEFECT,Surface_Defect
650.0,165.6,1.67,647.8,490.8,0.0711,8.63,-0.86,AlSi9Cu3,DEFECT,Cold_Shut
677.7,198.7,2.74,697.2,643.4,0.0462,8.93,-0.844,AlSi10Mg,OK,No_Defect
680.4,196.2,3.25,750.7,628.5,0.0482,8.61,-0.622,AlSi10Mg,DEFECT,Porosity
677.8,203.4,3.0,694.5,567.4,0.0403,8.33,-0.682,AlSi10Mg,DEFECT,Porosity
697.6,198.6,3.18,789.1,715.1,0.0524,8.4,-0.828,AlSi10Mg,OK,No_Defect
670.7,199.6,2.4,781.3,619.9,0.0482,8.91,-0.842,AlSi9Cu3,OK,No_Defect
673.0,185.8,2.43,769.4,654.5,0.0448,8.24,-0.879,AlSi10Mg,OK,No_Defect
659.2,186.8,2.09,773.8,625.6,0.0644,9.23,-0.819,AlSi9Cu3,DEFECT,Cold_Shut
663.3,194.5,2.53,729.9,658.1,0.0437,8.47,-0.738,AlSi12,OK,No_Defect
688.4,195.2,2.95,754.5,649.9,0.0571,7.79,-0.816,AlSi9Cu3,OK,No_Defect
663.4,186.3,2.51,733.6,713.1,0.0521,7.84,-0.864,AlSi9Cu3,OK,No_Defect
674.3,192.1,2.53,754.6,682.0,0.0502,8.33,-0.875,AlSi12,OK,No_Defect
670.3,160.2,2.25,828.6,518.4,0.0607,8.95,-0.796,AlSi10Mg,DEFECT,Cold_Shut
677.5,204.4,2.96,760.3,710.7,0.0441,7.79,-0.83,AlSi10Mg,OK,No_Defect
680.8,201.8,2.48,745.0,675.2,0.0506,8.7,-0.85,AlSi9Cu3,OK,No_Defect
677.1,181.6,2.76,761.8,640.1,0.0476,8.25,-0.882,AlSi9Cu3,OK,No_Defect
694.5,215.0,3.11,726.6,681.2,0.0479,8.64,-0.828,AlSi10Mg,OK,No_Defect
695.1,199.3,2.8,783.4,665.2,0.0508,8.08,-0.9,AlSi12,OK,No_Defect
671.0,200.6,2.85,805.6,702.8,0.0447,8.3,-0.856,AlSi12,OK,No_Defect
672.7,205.7,2.82,722.1,602.7,0.046,8.35,-0.838,AlSi9Cu3,OK,No_Defect
688.5,233.1,3.34,908.1,820.0,0.0371,8.67,-0.819,AlSi12,DEFECT,Flash
670.5,198.4,2.91,565.6,450.0,0.0401,7.4,-0.514,AlSi9Cu3,DEFECT,Porosity
669.7,187.8,2.68,720.5,612.9,0.0475,7.89,-0.869,AlSi9Cu3,OK,No_Defect
661.3,197.9,2.73,785.9,742.3,0.0464,8.2,-0.85,AlSi9Cu3,OK,No_Defect
685.1,176.9,2.72,836.5,658.5,0.045,7.24,-0.849,AlSi10Mg,OK,No_Defect
683.7,191.2,2.82,733.8,653.5,0.0522,8.57,-0.847,AlSi9Cu3,OK,No_Defect
674.4,179.6,3.0,684.0,550.0,0.0481,8.18,-0.71,AlSi10Mg,DEFECT,Porosity
680.9,208.4,2.88,740.9,630.2,0.0468,8.3,-0.913,AlSi9Cu3,OK,No_Defect
655.7,173.5,1.89,649.2,505.5,0.0732,8.14,-0.788,AlSi9Cu3,DEFECT,Cold_Shut
677.1,186.7,2.54,720.9,616.8,0.049,7.71,-0.848,AlSi10Mg,OK,No_Defect
687.3,197.2,2.78,808.6,670.6,0.0493,8.23,-0.855,AlSi10Mg,OK,No_Defect
683.6,184.2,2.84,750.1,686.6,0.0475,7.63,-0.837,AlSi10Mg,OK,No_Defect
681.0,196.1,2.33,755.8,637.8,0.0471,7.9,-0.851,AlSi10Mg,OK,No_Defect
678.7,204.0,2.78,716.2,627.8,0.0529,8.94,-0.891,AlSi12,OK,No_Defect
670.0,177.1,2.66,754.1,663.8,0.0542,7.98,-0.8,AlSi10Mg,OK,No_Defect
678.4,203.4,2.64,775.7,715.8,0.0453,8.43,-0.874,AlSi10Mg,OK,No_Defect
682.4,216.6,3.03,772.2,667.8,0.0469,8.5,-0.831,AlSi10Mg,OK,No_Defect
654.9,153.6,1.87,704.7,584.3,0.0714,8.52,-0.827,AlSi10Mg,DEFECT,Cold_Shut
671.8,202.9,2.57,777.3,628.8,0.0503,8.12,-0.858,AlSi9Cu3,OK,No_Defect
692.1,197.5,2.75,728.3,652.0,0.0465,7.95,-0.798,AlSi10Mg,OK,No_Defect
670.2,183.5,2.73,742.3,645.3,0.049,8.41,-0.816,AlSi9Cu3,OK,No_Defect
676.7,184.6,2.74,739.3,630.3,0.0463,8.11,-0.887,AlSi12,OK,No_Defect
679.8,192.1,2.66,768.3,677.3,0.0495,8.37,-0.776,AlSi9Cu3,OK,No_Defect
673.1,195.5,2.49,788.9,657.8,0.0479,8.59,-0.891,AlSi9Cu3,OK,No_Defect
687.7,202.7,2.62,792.5,611.6,0.0449,9.2,-0.883,AlSi9Cu3,OK,No_Defect
668.5,185.5,2.53,725.3,656.8,0.0458,8.41,-0.838,AlSi9Cu3,OK,No_Defect
681.5,205.1,2.78,795.1,661.0,0.0451,9.02,-0.794,AlSi9Cu3,OK,No_Defect
699.8,207.2,3.27,890.4,733.4,0.0347,8.05,-0.813,AlSi12,DEFECT,Flash
688.6,200.8,2.93,643.4,651.4,0.0402,8.79,-0.576,AlSi9Cu3,DEFECT,Porosity
676.8,210.5,2.5,632.9,616.1,0.0491,8.56,-0.916,AlSi12,OK,No_Defect
680.8,184.7,2.71,794.7,678.9,0.0529,7.9,-0.855,AlSi9Cu3,OK,No_Defect
697.7,181.0,2.3,714.4,643.6,0.0546,7.58,-0.835,AlSi10Mg,OK,No_Defect
688.6,199.7,2.7,723.0,653.9,0.0473,8.26,-0.797,AlSi9Cu3,OK,No_Defect
678.9,220.9,2.88,766.9,716.1,0.0448,8.17,-0.906,AlSi12,OK,No_Defect
683.6,192.9,2.74,725.5,657.1,0.0491,8.44,-0.864,AlSi9Cu3,OK,No_Defect
684.4,199.9,2.7,748.4,582.8,0.0434,8.35,-0.922,AlSi9Cu3,OK,No_Defect
665.5,191.8,2.66,722.2,668.4,0.0454,8.13,-0.797,AlSi9Cu3,OK,No_Defect
678.5,180.2,2.57,737.4,665.2,0.0475,8.03,-0.883,AlSi9Cu3,OK,No_Defect
679.0,179.3,3.16,650.6,570.1,0.0384,8.32,-0.765,AlSi9Cu3,DEFECT,Porosity
672.2,186.2,2.78,739.0,633.2,0.0475,8.27,-0.811,AlSi10Mg,OK,No_Defect
700.9,206.5,2.99,950.0,672.2,0.039,7.12,-0.814,AlSi10Mg,DEFECT,Flash
686.8,189.6,2.64,701.6,674.6,0.0398,8.3,-0.915,AlSi10Mg,OK,No_Defect
677.3,177.7,3.29,784.1,565.9,0.0332,8.32,-0.582,AlSi12,DEFECT,Porosity
670.7,212.2,2.79,764.2,675.2,0.0467,9.19,-0.79,AlSi9Cu3,DEFECT,Surface_Defect
685.9,191.2,2.91,724.4,645.6,0.0374,8.2,-0.916,AlSi9Cu3,OK,No_Defect
685.8,214.4,3.17,912.0,810.8,0.0285,8.18,-0.899,AlSi9Cu3,DEFECT,Flash
685.1,216.2,3.04,711.7,652.0,0.0495,9.29,-0.872,AlSi9Cu3,OK,No_Defect
673.0,202.8,2.61,711.7,631.3,0.0443,8.3,-0.901,AlSi12,OK,No_Defect
680.2,175.6,2.58,711.4,671.0,0.0503,7.49,-0.838,AlSi10Mg,OK,No_Defect
679.7,185.1,2.89,741.5,573.6,0.0415,8.07,-0.76,AlSi10Mg,DEFECT,Porosity
685.1,204.4,2.49,730.2,618.8,0.052,7.99,-0.914,AlSi10Mg,OK,No_Defect
650.0,161.6,1.88,687.7,511.9,0.0646,9.67,-0.832,AlSi9Cu3,DEFECT,Cold_Shut
685.2,195.2,2.57,726.9,559.9,0.0428,8.3,-0.811,AlSi10Mg,OK,No_Defect
663.5,173.9,2.08,578.4,510.5,0.0486,7.9,-0.844,AlSi9Cu3,DEFECT,Cold_Shut
670.1,216.1,2.63,743.5,553.0,0.045,9.5,-0.827,AlSi9Cu3,DEFECT,Surface_Defect
651.4,158.6,1.95,628.0,573.8,0.0584,7.98,-0.758,AlSi9Cu3,DEFECT,Cold_Shut
689.9,208.1,2.65,672.2,636.0,0.0464,8.11,-0.844,AlSi9Cu3,OK,No_Defect
677.1,209.8,2.79,698.4,622.8,0.0418,8.05,-0.822,AlSi10Mg,OK,No_Defect
678.7,224.6,2.81,761.0,623.2,0.0412,9.87,-0.735,AlSi10Mg,DEFECT,Surface_Defect
676.7,168.6,2.66,695.0,558.7,0.0469,7.8,-0.824,AlSi10Mg,OK,No_Defect
693.7,202.7,2.81,788.3,649.7,0.041,8.22,-0.828,AlSi9Cu3,OK,No_Defect
677.5,198.4,2.81,713.3,650.7,0.0526,8.17,-0.876,AlSi9Cu3,OK,No_Defect
685.0,180.1,2.81,763.9,628.1,0.0368,8.84,-0.815,AlSi10Mg,OK,No_Defect
690.5,197.8,3.01,711.7,627.3,0.0472,8.26,-0.882,AlSi10Mg,OK,No_Defect
678.0,228.0,2.92,691.3,606.0,0.0441,9.94,-0.855,AlSi12,DEFECT,Surface_Defect
652.8,162.5,2.32,607.4,571.2,0.0575,8.91,-0.752,AlSi9Cu3,DEFECT,Cold_Shut
683.4,199.8,2.74,701.5,673.0,0.038,8.27,-0.807,AlSi9Cu3,OK,No_Defect
657.0,163.2,2.66,571.6,597.4,0.0682,8.36,-0.885,AlSi10Mg,DEFECT,Cold_Shut
680.2,181.2,2.73,782.2,644.3,0.0474,8.02,-0.792,AlSi10Mg,OK,No_Defect
699.8,209.0,2.74,751.2,596.3,0.0503,8.64,-0.883,AlSi10Mg,OK,No_Defect
684.9,187.2,2.89,739.0,665.6,0.0533,8.2,-0.897,AlSi9Cu3,OK,No_Defect
680.4,215.0,2.84,712.4,642.3,0.0474,7.69,-0.807,AlSi10Mg,OK,No_Defect
679.6,184.9,2.95,859.0,673.2,0.0476,7.84,-0.824,AlSi9Cu3,OK,No_Defect
678.4,201.5,2.87,706.8,562.7,0.0501,9.02,-0.698,AlSi9Cu3,DEFECT,Porosity
667.7,188.1,2.86,784.0,613.4,0.0471,8.34,-0.95,AlSi9Cu3,OK,No_Defect
665.5,184.0,2.65,736.6,619.9,0.0491,8.76,-0.915,AlSi9Cu3,OK,No_Defect
687.7,194.9,3.34,864.8,700.5,0.0348,8.46,-0.777,AlSi9Cu3,DEFECT,Flash
686.3,189.7,2.5,758.5,656.4,0.0521,8.07,-0.87,AlSi12,OK,No_Defect
668.8,196.3,2.65,756.9,634.9,0.0533,7.65,-0.77,AlSi9Cu3,OK,No_Defect
663.1,189.0,2.48,740.1,599.8,0.0575,7.83,-0.844,AlSi9Cu3,OK,No_Defect
668.0,163.0,2.4,724.5,618.6,0.0431,7.21,-0.831,AlSi10Mg,OK,No_Defect
676.8,197.9,2.7,825.3,694.5,0.043,8.59,-0.917,AlSi10Mg,OK,No_Defect
671.2,156.8,2.03,762.9,573.3,0.0744,8.13,-0.949,AlSi9Cu3,DEFECT,Cold_Shut
695.3,184.8,2.9,748.0,667.6,0.0412,7.83,-0.831,AlSi9Cu3,OK,No_Defect
678.5,166.8,1.92,630.5,577.7,0.0639,9.01,-0.801,AlSi9Cu3,DEFECT,Cold_Shut
683.1,186.6,2.67,777.8,703.2,0.0528,8.67,-0.877,AlSi10Mg,OK,No_Defect
688.7,200.2,3.08,751.4,651.2,0.0534,8.31,-0.895,AlSi10Mg,OK,No_Defect
681.6,185.4,2.61,747.0,693.9,0.046,7.3,-0.86,AlSi9Cu3,OK,No_Defect
683.5,210.5,3.08,735.5,607.3,0.041,8.86,-0.856,AlSi9Cu3,OK,No_Defect
669.9,193.0,2.58,659.1,633.1,0.0451,8.86,-0.855,AlSi9Cu3,OK,No_Defect
682.1,193.6,2.5,748.6,628.3,0.0476,7.97,-0.807,AlSi9Cu3,OK,No_Defect
663.2,182.6,2.39,681.7,660.5,0.0571,8.03,-0.764,AlSi12,OK,No_Defect
683.3,219.8,2.79,740.7,689.1,0.0402,8.68,-0.853,AlSi12,OK,No_Defect
672.6,176.6,2.47,738.1,639.0,0.0702,8.57,-0.798,AlSi9Cu3,DEFECT,Cold_Shut
674.2,185.8,2.72,767.8,710.1,0.0455,7.96,-0.794,AlSi10Mg,OK,No_Defect
660.4,179.2,2.78,741.7,560.6,0.0472,7.43,-0.831,AlSi12,OK,No_Defect
675.1,188.1,3.08,767.7,666.1,0.0403,7.74,-0.943,AlSi10Mg,OK,No_Defect
676.8,184.9,2.61,680.6,567.4,0.0458,8.61,-0.887,AlSi9Cu3,OK,No_Defect
660.5,172.9,2.24,609.6,592.8,0.0555,7.55,-0.826,AlSi9Cu3,DEFECT,Cold_Shut
682.7,202.5,2.87,777.5,668.8,0.0545,8.42,-0.777,AlSi9Cu3,OK,No_Defect
682.1,200.0,2.89,714.9,688.4,0.0395,8.64,-0.864,AlSi10Mg,OK,No_Defect
677.9,186.9,2.78,734.3,615.9,0.0526,8.14,-0.835,AlSi9Cu3,OK,No_Defect
676.5,181.0,2.52,769.5,672.8,0.0477,7.51,-0.8,AlSi9Cu3,OK,No_Defect
686.9,197.4,3.5,858.9,721.7,0.0336,8.02,-0.813,AlSi9Cu3,DEFECT,Flash
680.6,192.6,2.51,684.5,606.9,0.052,8.07,-0.87,AlSi10Mg,OK,No_Defect
684.8,202.8,2.77,733.4,595.0,0.0473,8.25,-0.785,AlSi10Mg,OK,No_Defect
691.8,218.7,2.69,753.8,621.5,0.0441,9.31,-0.928,AlSi9Cu3,OK,No_Defect
689.4,210.5,2.85,680.3,679.3,0.0446,8.51,-0.832,AlSi10Mg,OK,No_Defect
681.6,213.3,2.82,783.9,651.4,0.0517,8.42,-0.833,AlSi10Mg,OK,No_Defect
677.5,184.1,2.44,754.9,671.0,0.0406,7.62,-0.808,AlSi12,OK,No_Defect
681.6,227.1,3.04,723.2,717.1,0.0416,8.65,-0.853,AlSi12,OK,No_Defect
678.6,214.3,2.55,757.0,599.9,0.0443,8.08,-0.889,AlSi12,OK,No_Defect
695.6,206.9,3.09,719.6,708.9,0.045,8.36,-0.924,AlSi9Cu3,OK,No_Defect
679.2,183.0,3.11,740.9,606.5,0.0554,8.49,-0.624,AlSi9Cu3,DEFECT,Porosity
681.1,190.2,2.84,796.6,658.6,0.052,7.83,-0.812,AlSi9Cu3,OK,No_Defect
694.1,178.5,3.28,739.1,625.3,0.0383,8.9,-0.514,AlSi9Cu3,DEFECT,Porosity
685.9,187.0,2.8,766.4,720.5,0.0462,7.19,-0.875,AlSi10Mg,OK,No_Defect
680.8,187.8,2.86,776.2,677.1,0.0492,8.32,-0.886,AlSi9Cu3,OK,No_Defect
678.0,184.2,2.67,770.3,601.1,0.0452,7.91,-0.938,AlSi9Cu3,OK,No_Defect
668.4,189.7,2.84,769.4,679.5,0.0558,7.72,-0.947,AlSi9Cu3,OK,No_Defect
664.9,171.4,2.02,690.0,450.0,0.0684,9.14,-0.837,AlSi10Mg,DEFECT,Cold_Shut
687.5,202.4,2.7,749.9,632.7,0.0507,7.67,-0.811,AlSi9Cu3,OK,No_Defect
669.5,201.1,2.52,658.1,644.4,0.0436,8.1,-0.846,AlSi9Cu3,OK,No_Defect
676.1,205.9,2.81,820.5,580.7,0.0478,10.25,-0.861,AlSi9Cu3,DEFECT,Surface_Defect
669.7,213.5,2.8,710.2,616.0,0.0507,8.49,-0.848,AlSi9Cu3,OK,No_Defect
686.2,203.3,2.6,788.2,655.9,0.0463,8.06,-0.791,AlSi9Cu3,OK,No_Defect
664.2,167.8,2.47,632.1,502.9,0.0629,8.02,-0.836,AlSi9Cu3,DEFECT,Cold_Shut
677.0,201.7,2.61,766.8,641.0,0.0504,8.26,-0.86,AlSi9Cu3,OK,No_Defect
679.8,196.2,2.55,748.8,627.8,0.0552,8.84,-0.789,AlSi9Cu3,OK,No_Defect
685.0,189.1,2.79,706.4,671.0,0.0427,8.39,-0.814,AlSi12,OK,No_Defect
682.0,210.5,3.39,812.0,737.4,0.0378,7.92,-0.89,AlSi10Mg,DEFECT,Flash
682.8,207.9,2.96,686.8,615.8,0.0477,8.68,-0.803,AlSi9Cu3,OK,No_Defect
693.0,194.6,3.49,841.6,774.4,0.0356,8.58,-0.8,AlSi12,DEFECT,Flash
658.0,149.2,2.23,721.1,513.4,0.0583,8.36,-0.842,AlSi9Cu3,DEFECT,Cold_Shut
679.2,196.2,2.8,756.0,693.4,0.0412,8.36,-0.855,AlSi10Mg,OK,No_Defect
679.9,202.9,3.28,634.2,558.7,0.0356,8.6,-0.587,AlSi10Mg,DEFECT,Porosity
668.8,172.9,2.58,739.6,677.1,0.046,8.25,-0.836,AlSi12,OK,No_Defect
681.9,185.5,2.71,811.2,660.1,0.0377,7.77,-0.862,AlSi9Cu3,OK,No_Defect
688.3,194.5,2.5,697.5,628.1,0.0576,7.66,-0.835,AlSi10Mg,OK,No_Defect
691.8,203.9,2.87,813.8,698.0,0.0492,8.59,-0.784,AlSi10Mg,OK,No_Defect
686.8,208.3,2.64,728.0,696.6,0.0356,8.42,-0.796,AlSi9Cu3,OK,No_Defect
670.1,173.5,2.4,786.6,636.7,0.047,7.67,-0.836,AlSi9Cu3,OK,No_Defect
689.6,194.5,2.56,749.7,667.4,0.047,8.21,-0.897,AlSi12,OK,No_Defect
686.6,210.3,3.5,835.7,744.5,0.0375,8.01,-0.662,AlSi9Cu3,DEFECT,Flash
688.1,198.6,2.69,795.0,677.5,0.0481,8.58,-0.789,AlSi10Mg,OK,No_Defect
687.5,179.8,2.68,746.3,679.3,0.0448,7.79,-0.807,AlSi10Mg,OK,No_Defect
682.9,201.9,2.83,776.7,676.3,0.0456,8.27,-0.908,AlSi10Mg,OK,No_Defect
673.7,191.8,1.77,653.0,535.9,0.0583,8.32,-0.844,AlSi9Cu3,DEFECT,Cold_Shut
685.0,191.5,3.01,739.6,625.8,0.0454,7.9,-0.826,AlSi9Cu3,OK,No_Defect
691.3,202.0,2.74,709.6,665.1,0.0369,8.24,-0.831,AlSi10Mg,OK,No_Defect
686.3,201.3,2.61,704.6,611.4,0.0505,8.36,-0.852,AlSi9Cu3,OK,No_Defect
680.8,199.2,2.76,703.2,591.5,0.0446,8.02,-0.858,AlSi10Mg,OK,No_Defect
682.5,202.4,2.82,789.1,669.2,0.0479,8.29,-0.877,AlSi9Cu3,OK,No_Defect
671.1,182.0,2.63,752.0,658.7,0.0467,7.29,-0.826,AlSi10Mg,OK,No_Defect
675.8,198.9,2.74,777.8,682.1,0.0431,8.49,-0.871,AlSi12,OK,No_Defect
664.6,179.1,2.67,758.5,713.2,0.0441,8.64,-0.837,AlSi12,OK,No_Defect
686.0,207.2,2.76,710.0,606.4,0.0525,8.7,-0.935,AlSi9Cu3,OK,No_Defect
669.8,217.5,2.87,847.6,727.7,0.0444,9.49,-0.767,AlSi12,DEFECT,Surface_Defect
684.1,217.0,3.1,680.8,493.7,0.0355,7.55,-0.692,AlSi9Cu3,DEFECT,Porosity
654.8,175.5,1.96,789.4,523.6,0.0602,8.07,-0.88,AlSi10Mg,DEFECT,Cold_Shut
672.4,193.1,2.39,749.8,641.9,0.0488,8.58,-0.843,AlSi9Cu3,OK,No_Defect
673.7,181.1,2.76,737.9,605.4,0.0468,7.81,-0.88,AlSi12,OK,No_Defect
701.0,211.6,2.59,778.1,595.0,0.0459,8.62,-0.738,AlSi10Mg,OK,No_Defect
690.2,185.6,2.92,692.3,564.5,0.0297,8.35,-0.745,AlSi9Cu3,DEFECT,Porosity
685.6,200.3,2.63,796.8,584.6,0.0473,8.48,-0.947,AlSi9Cu3,OK,No_Defect
668.3,211.1,2.9,720.5,677.4,0.0534,8.9,-0.773,AlSi9Cu3,OK,No_Defect
691.7,187.3,2.62,787.5,658.0,0.0448,7.96,-0.822,AlSi9Cu3,OK,No_Defect
687.7,197.6,2.66,734.4,678.6,0.0475,8.53,-0.832,AlSi12,OK,No_Defect
673.0,195.3,2.69,685.0,621.5,0.0537,7.79,-0.81,AlSi12,OK,No_Defect
676.7,197.4,2.3,765.6,661.5,0.0422,8.7,-0.932,AlSi10Mg,OK,No_Defect
679.2,208.4,2.54,730.9,594.3,0.0515,8.17,-0.877,AlSi9Cu3,OK,No_Defect
663.8,209.1,2.57,758.4,727.4,0.04,8.23,-0.861,AlSi10Mg,OK,No_Defect
675.7,190.8,2.6,773.5,635.7,0.0483,7.77,-0.899,AlSi10Mg,OK,No_Defect
652.0,153.1,2.5,630.1,584.5,0.0723,8.38,-0.798,AlSi10Mg,DEFECT,Cold_Shut
701.0,194.3,2.93,772.9,651.7,0.0501,7.49,-0.775,AlSi9Cu3,OK,No_Defect
689.9,197.9,2.55,728.4,685.9,0.0384,8.48,-0.847,AlSi10Mg,OK,No_Defect
655.8,172.6,2.17,607.9,538.1,0.0667,7.97,-0.802,AlSi10Mg,DEFECT,Cold_Shut
681.1,230.7,3.06,835.4,703.0,0.0395,7.87,-0.853,AlSi9Cu3,DEFECT,Flash
652.7,155.4,2.33,593.8,595.4,0.0525,7.51,-0.826,AlSi10Mg,DEFECT,Cold_Shut
676.1,191.6,3.02,781.0,705.8,0.0446,8.19,-0.838,AlSi10Mg,OK,No_Defect
656.2,165.6,1.82,597.2,654.1,0.0626,8.95,-0.812,AlSi9Cu3,DEFECT,Cold_Shut
678.6,181.4,2.44,650.3,647.7,0.0534,7.9,-0.88,AlSi10Mg,OK,No_Defect
670.7,195.1,2.77,732.4,638.4,0.0405,8.21,-0.844,AlSi12,OK,No_Defect
674.7,181.5,2.93,795.8,629.6,0.0455,7.82,-0.845,AlSi9Cu3,OK,No_Defect
665.9,217.6,2.95,721.9,664.4,0.0515,9.87,-0.781,AlSi9Cu3,DEFECT,Surface_Defect
680.4,187.8,3.34,829.9,673.7,0.0367,8.59,-0.868,AlSi9Cu3,DEFECT,Flash
663.1,211.0,2.68,727.3,615.1,0.0463,8.79,-0.859,AlSi9Cu3,OK,No_Defect
693.7,219.2,3.1,893.7,741.0,0.0366,8.24,-0.83,AlSi9Cu3,DEFECT,Flash
695.9,193.3,2.85,737.3,574.9,0.0493,7.87,-0.868,AlSi10Mg,OK,No_Defect
692.8,200.2,2.98,729.0,677.8,0.0414,8.15,-0.84,AlSi9Cu3,OK,No_Defect
673.8,187.0,2.79,741.5,595.2,0.0483,8.03,-0.838,AlSi10Mg,OK,No_Defect
688.7,186.5,2.58,736.0,671.3,0.0491,7.91,-0.886,AlSi10Mg,OK,No_Defect
679.7,188.5,2.75,699.1,647.3,0.05,8.42,-0.889,AlSi12,OK,No_Defect
680.5,179.4,2.91,764.0,726.8,0.0397,8.08,-0.867,AlSi10Mg,OK,No_Defect
690.6,227.8,2.95,836.3,573.1,0.0413,9.02,-0.866,AlSi10Mg,DEFECT,Surface_Defect
697.9,217.1,3.21,842.9,772.7,0.0345,8.0,-0.856,AlSi9Cu3,DEFECT,Flash
673.0,174.3,2.51,745.6,632.4,0.0521,7.7,-0.807,AlSi9Cu3,OK,No_Defect
686.1,214.7,3.29,838.4,749.4,0.0333,8.63,-0.927,AlSi9Cu3,DEFECT,Flash
697.0,195.0,2.92,728.5,711.4,0.0535,7.31,-0.825,AlSi12,OK,No_Defect
677.7,188.9,2.73,736.4,652.5,0.0427,8.06,-0.857,AlSi12,OK,No_Defect
684.9,200.7,2.76,718.7,723.2,0.0445,8.7,-0.827,AlSi12,OK,No_Defect
678.9,194.1,2.61,754.3,639.0,0.0448,8.71,-0.861,AlSi10Mg,OK,No_Defect
684.9,206.2,3.06,687.7,607.6,0.0361,7.45,-0.574,AlSi10Mg,DEFECT,Porosity
674.8,190.8,3.02,801.6,612.5,0.0531,8.02,-0.89,AlSi9Cu3,OK,No_Defect
693.7,209.9,3.2,891.1,736.5,0.0334,7.85,-0.817,AlSi10Mg,DEFECT,Flash
681.8,199.3,3.0,782.1,568.3,0.043,7.99,-0.827,AlSi10Mg,OK,No_Defect
683.3,194.1,2.78,807.3,731.2,0.0474,7.88,-0.832,AlSi9Cu3,OK,No_Defect
688.5,207.4,2.84,727.9,672.6,0.0413,8.46,-0.874,AlSi10Mg,OK,No_Defect
699.7,184.5,3.22,734.8,545.3,0.0325,8.39,-0.673,AlSi10Mg,DEFECT,Porosity
688.5,188.4,2.63,745.0,619.5,0.0557,8.08,-0.803,AlSi10Mg,OK,No_Defect
683.6,190.0,2.75,780.8,678.1,0.0464,8.28,-0.892,AlSi12,OK,No_Defect
688.6,210.3,3.14,710.3,712.8,0.0367,7.82,-0.837,AlSi12,OK,No_Defect
681.6,204.9,2.55,841.4,687.7,0.0547,9.24,-0.834,AlSi10Mg,OK,No_Defect
683.3,193.1,2.74,800.2,670.6,0.0425,7.95,-0.877,AlSi9Cu3,OK,No_Defect
686.3,197.2,2.78,727.3,655.3,0.0472,8.4,-0.854,AlSi9Cu3,OK,No_Defect
667.1,211.3,2.79,764.4,612.7,0.0623,9.04,-0.731,AlSi9Cu3,DEFECT,Surface_Defect
673.1,182.9,2.95,839.0,619.6,0.0433,8.51,-0.656,AlSi9Cu3,DEFECT,Porosity
660.2,172.6,1.83,758.4,551.3,0.0566,8.68,-0.811,AlSi9Cu3,DEFECT,Cold_Shut
672.9,216.6,3.14,925.6,719.8,0.0381,7.34,-0.842,AlSi9Cu3,DEFECT,Flash
691.9,213.0,3.07,882.7,735.0,0.0354,8.93,-0.757,AlSi9Cu3,DEFECT,Flash
663.8,167.7,2.55,583.3,487.5,0.0684,9.24,-0.872,AlSi10Mg,DEFECT,Cold_Shut
664.5,195.4,2.78,797.9,686.7,0.0448,8.45,-0.873,AlSi9Cu3,OK,No_Defect
673.8,198.2,2.65,702.0,611.6,0.0448,8.12,-0.886,AlSi12,OK,No_Defect
692.4,210.0,2.71,767.2,624.1,0.0448,8.71,-0.848,AlSi12,OK,No_Defect
672.6,189.1,2.65,728.5,644.7,0.0469,8.0,-0.856,AlSi9Cu3,OK,No_Defect
674.9,210.5,2.81,764.9,620.9,0.0465,8.51,-0.785,AlSi10Mg,OK,No_Defect
677.3,206.4,2.77,804.5,676.4,0.0386,8.93,-0.866,AlSi9Cu3,OK,No_Defect
690.8,209.4,2.92,743.4,650.6,0.0379,8.67,-0.856,AlSi9Cu3,OK,No_Defect
694.7,203.8,2.41,729.2,612.8,0.0544,8.04,-0.868,AlSi9Cu3,OK,No_Defect
685.3,208.3,2.7,869.2,648.8,0.0527,9.48,-0.811,AlSi10Mg,DEFECT,Surface_Defect
673.3,185.6,2.9,732.9,613.2,0.0535,7.99,-0.848,AlSi10Mg,OK,No_Defect
667.4,181.2,2.57,803.4,629.2,0.0546,7.77,-0.862,AlSi9Cu3,OK,No_Defect
686.4,212.4,3.31,692.2,556.7,0.0295,8.35,-0.639,AlSi10Mg,DEFECT,Porosity
677.1,190.3,2.61,762.4,695.5,0.0469,7.87,-0.849,AlSi10Mg,OK,No_Defect
662.6,186.6,2.83,745.8,674.4,0.049,8.4,-0.793,AlSi9Cu3,OK,No_Defect
686.4,218.5,2.79,805.3,666.6,0.0483,8.94,-0.821,AlSi10Mg,OK,No_Defect
679.6,203.7,2.55,713.6,637.2,0.0516,8.06,-0.933,AlSi12,OK,No_Defect
661.4,178.1,2.62,769.7,670.6,0.0485,7.89,-0.799,AlSi9Cu3,OK,No_Defect
676.3,190.3,2.69,721.9,673.2,0.0523,7.83,-0.829,AlSi10Mg,OK,No_Defect
672.1,192.8,2.57,797.3,615.0,0.0438,8.73,-0.888,AlSi9Cu3,OK,No_Defect
693.0,199.5,3.36,830.9,605.0,0.0299,8.4,-0.646,AlSi9Cu3,DEFECT,Porosity
667.5,178.2,2.87,751.5,630.4,0.0465,8.37,-0.8,AlSi10Mg,OK,No_Defect
686.1,212.5,2.99,777.6,689.5,0.0389,8.49,-0.824,AlSi9Cu3,OK,No_Defect
687.8,200.7,2.49,752.7,682.3,0.0542,8.43,-0.87,AlSi9Cu3,OK,No_Defect
675.6,198.9,2.83,796.1,636.7,0.0484,8.3,-0.828,AlSi9Cu3,OK,No_Defect
686.5,211.9,2.88,792.3,703.6,0.0453,8.86,-0.791,AlSi9Cu3,OK,No_Defect
690.6,182.9,2.65,691.5,623.1,0.0383,7.97,-0.855,AlSi9Cu3,OK,No_Defect
689.0,179.0,2.62,742.0,649.6,0.0461,8.09,-0.792,AlSi9Cu3,OK,No_Defect
663.2,169.8,2.95,791.2,656.0,0.0474,7.78,-0.881,AlSi9Cu3,OK,No_Defect
696.7,217.7,3.24,776.2,686.6,0.043,8.53,-0.809,AlSi10Mg,OK,No_Defect
694.6,216.9,3.0,728.7,645.6,0.0318,8.87,-0.883,AlSi9Cu3,OK,No_Defect
669.2,179.3,2.57,707.2,623.6,0.052,8.02,-0.879,AlSi9Cu3,OK,No_Defect
685.7,220.4,3.08,873.8,780.5,0.0353,8.0,-0.877,AlSi9Cu3,DEFECT,Flash
688.3,179.4,2.9,748.6,616.8,0.04,8.15,-0.878,AlSi10Mg,OK,No_Defect
688.4,191.5,2.95,750.2,602.8,0.0461,7.99,-0.54,AlSi10Mg,DEFECT,Porosity
681.5,192.1,2.75,764.3,671.6,0.0425,8.09,-0.907,AlSi12,OK,No_Defect
687.9,176.7,2.29,745.2,655.6,0.0542,7.95,-0.87,AlSi9Cu3,OK,No_Defect
686.4,204.8,3.01,746.4,732.8,0.0505,9.06,-0.853,AlSi10Mg,OK,No_Defect
686.1,202.0,2.46,692.2,617.3,0.0451,8.01,-0.818,AlSi10Mg,OK,No_Defect
677.6,211.2,2.9,781.8,648.2,0.0431,8.35,-0.821,AlSi9Cu3,OK,No_Defect
673.4,208.3,3.43,840.3,775.4,0.028,8.75,-0.807,AlSi9Cu3,DEFECT,Flash
669.9,197.4,2.74,751.0,692.4,0.0478,7.87,-0.829,AlSi9Cu3,OK,No_Defect
673.2,187.5,2.6,724.3,565.8,0.0534,7.72,-0.859,AlSi10Mg,OK,No_Defect
667.7,194.4,2.56,785.1,642.9,0.0442,8.49,-0.794,AlSi9Cu3,OK,No_Defect
676.7,203.4,3.01,853.2,495.4,0.0517,8.6,-0.592,AlSi9Cu3,DEFECT,Porosity
680.2,198.2,2.91,749.2,668.2,0.0472,8.11,-0.905,AlSi9Cu3,OK,No_Defect
684.2,199.1,2.72,739.0,662.0,0.0437,8.04,-0.824,AlSi10Mg,OK,No_Defect
687.9,203.6,2.84,796.2,648.2,0.0541,8.03,-0.833,AlSi9Cu3,OK,No_Defect
683.4,223.1,3.1,915.7,690.5,0.0353,8.28,-0.792,AlSi10Mg,DEFECT,Flash
671.0,184.9,2.99,708.9,615.1,0.0489,7.99,-0.802,AlSi9Cu3,OK,No_Defect
678.4,171.2,2.66,777.7,626.9,0.042,7.88,-0.812,AlSi10Mg,OK,No_Defect
690.9,207.2,3.17,912.9,731.2,0.028,7.64,-0.848,AlSi9Cu3,DEFECT,Flash
693.1,178.8,2.61,804.3,645.0,0.043,7.58,-0.86,AlSi9Cu3,OK,No_Defect
672.6,170.7,2.31,710.6,545.7,0.0602,9.08,-0.836,AlSi9Cu3,DEFECT,Cold_Shut
686.1,193.6,2.4,810.6,576.0,0.0501,8.36,-0.779,AlSi12,OK,No_Defect
684.2,198.1,2.9,779.5,643.6,0.0498,7.32,-0.861,AlSi9Cu3,OK,No_Defect
687.1,211.1,2.75,741.7,676.4,0.0413,8.48,-0.893,AlSi9Cu3,OK,No_Defect
678.3,224.5,2.62,754.9,594.7,0.0301,9.72,-0.855,AlSi9Cu3,DEFECT,Surface_Defect
680.8,213.7,3.09,784.0,665.9,0.0341,9.2,-0.73,AlSi10Mg,DEFECT,Surface_Defect
685.9,191.2,2.78,753.0,642.6,0.0455,7.82,-0.818,AlSi10Mg,OK,No_Defect
683.1,183.1,2.52,739.7,635.5,0.0569,7.64,-0.915,AlSi9Cu3,OK,No_Defect
689.3,209.2,2.84,781.9,661.4,0.0566,8.52,-0.863,AlSi9Cu3,OK,No_Defect
674.8,201.2,2.78,759.1,735.4,0.0409,8.32,-0.79,AlSi10Mg,OK,No_Defect
661.1,167.7,2.09,725.6,481.8,0.0646,8.71,-0.791,AlSi9Cu3,DEFECT,Cold_Shut
667.2,150.6,2.09,601.1,534.6,0.0668,8.73,-0.853,AlSi12,DEFECT,Cold_Shut
685.2,193.4,2.77,754.3,592.1,0.041,8.31,-0.832,AlSi12,OK,No_Defect
686.1,198.8,2.69,798.3,680.0,0.0428,8.44,-0.867,AlSi9Cu3,OK,No_Defect
657.2,156.2,2.27,655.5,560.9,0.0721,8.79,-0.884,AlSi9Cu3,DEFECT,Cold_Shut
689.2,200.0,2.7,742.1,621.5,0.0427,8.7,-0.861,AlSi12,OK,No_Defect
692.0,186.6,2.35,685.1,643.2,0.043,7.68,-0.867,AlSi10Mg,OK,No_Defect
687.1,204.6,3.23,791.6,669.9,0.0505,8.68,-0.84,AlSi12,OK,No_Defect
664.6,215.1,2.65,718.3,640.9,0.0487,8.14,-0.862,AlSi9Cu3,OK,No_Defect
676.7,195.2,2.91,803.0,598.2,0.0466,7.16,-0.853,AlSi12,OK,No_Defect
687.3,230.1,2.85,753.6,556.8,0.0417,8.17,-0.624,AlSi12,DEFECT,Porosity
665.8,167.5,2.55,754.8,593.3,0.0483,7.73,-0.849,AlSi10Mg,OK,No_Defect
686.7,194.0,2.6,799.3,665.3,0.0542,8.56,-0.897,AlSi9Cu3,OK,No_Defect
689.1,204.3,2.82,729.9,657.6,0.0416,9.09,-0.832,AlSi9Cu3,OK,No_Defect
680.3,179.2,2.82,707.1,649.7,0.0435,7.74,-0.861,AlSi10Mg,OK,No_Defect
671.0,216.5,2.84,800.9,802.7,0.0432,9.41,-0.828,AlSi12,DEFECT,Surface_Defect
683.4,186.1,2.81,731.3,682.0,0.0412,7.52,-0.869,AlSi10Mg,OK,No_Defect
680.7,207.4,2.87,748.1,617.8,0.0431,8.48,-0.797,AlSi12,OK,No_Defect
681.1,195.1,2.86,715.0,642.9,0.0482,8.17,-0.882,AlSi12,OK,No_Defect
680.5,199.6,2.86,748.9,626.8,0.0464,8.4,-0.843,AlSi9Cu3,OK,No_Defect
660.4,185.4,1.99,653.7,646.4,0.0604,9.03,-0.831,AlSi10Mg,DEFECT,Cold_Shut
699.5,217.8,2.85,733.0,696.8,0.047,8.55,-0.904,AlSi9Cu3,OK,No_Defect
687.9,233.9,3.38,793.0,709.7,0.0289,8.16,-0.843,AlSi9Cu3,DEFECT,Flash
680.0,193.5,2.5,735.7,657.0,0.0487,8.47,-0.871,AlSi12,OK,No_Defect
675.2,172.7,2.22,704.5,603.3,0.0663,8.93,-0.907,AlSi9Cu3,DEFECT,Cold_Shut
682.5,202.7,2.9,817.0,724.2,0.0474,8.13,-0.8,AlSi9Cu3,OK,No_Defect
687.6,178.8,2.38,766.6,691.6,0.0476,7.39,-0.878,AlSi10Mg,OK,No_Defect
680.2,195.6,2.55,725.4,626.9,0.0496,7.92,-0.839,AlSi9Cu3,OK,No_Defect
679.1,194.1,2.78,719.7,616.5,0.0451,7.69,-0.877,AlSi10Mg,OK,No_Defect
676.9,186.7,2.63,722.0,660.5,0.042,7.49,-0.774,AlSi9Cu3,OK,No_Defect
675.2,198.9,2.74,701.2,669.1,0.0383,8.29,-0.866,AlSi10Mg,OK,No_Defect
664.7,190.3,2.64,769.4,650.7,0.0434,7.97,-0.803,AlSi12,OK,No_Defect
668.8,183.5,2.5,728.0,665.9,0.0478,8.09,-0.834,AlSi9Cu3,OK,No_Defect
684.5,202.6,3.43,791.6,567.6,0.043,8.19,-0.672,AlSi9Cu3,DEFECT,Porosity
693.9,189.6,2.79,791.9,641.0,0.0333,8.4,-0.871,AlSi10Mg,OK,No_Defect
678.5,223.0,2.63,827.6,643.6,0.0486,8.82,-0.829,AlSi9Cu3,OK,No_Defect
666.7,191.2,2.59,693.4,592.7,0.0475,8.08,-0.877,AlSi12,OK,No_Defect
690.6,223.2,3.12,837.2,667.1,0.0406,8.0,-0.841,AlSi9Cu3,OK,No_Defect
660.7,163.4,2.18,617.8,603.9,0.0608,7.71,-0.794,AlSi9Cu3,DEFECT,Cold_Shut
680.3,185.9,2.44,743.3,614.7,0.0412,8.55,-0.823,AlSi9Cu3,OK,No_Defect
676.0,212.3,2.43,774.4,636.9,0.0459,8.7,-0.866,AlSi9Cu3,OK,No_Defect
677.0,200.6,2.96,757.2,476.5,0.0466,8.28,-0.657,AlSi9Cu3,DEFECT,Porosity
672.9,185.2,2.65,739.0,635.0,0.0456,8.48,-0.877,AlSi9Cu3,OK,No_Defect
691.1,200.2,2.6,752.9,654.8,0.0509,8.37,-0.866,AlSi9Cu3,OK,No_Defect
669.9,189.0,2.75,736.8,659.1,0.0529,8.17,-0.84,AlSi9Cu3,OK,No_Defect
660.8,171.5,2.6,727.8,679.7,0.0495,7.9,-0.902,AlSi9Cu3,OK,No_Defect
684.3,196.0,2.86,779.6,681.7,0.0497,7.34,-0.862,AlSi9Cu3,OK,No_Defect
680.1,186.0,2.62,732.9,598.2,0.042,8.17,-0.828,AlSi9Cu3,OK,No_Defect
685.0,195.5,2.54,746.5,696.0,0.0499,8.38,-0.865,AlSi12,OK,No_Defect
688.1,185.6,2.55,731.8,610.8,0.043,8.49,-0.919,AlSi10Mg,OK,No_Defect
684.0,214.0,2.5,739.0,720.9,0.0518,8.72,-0.863,AlSi9Cu3,OK,No_Defect
679.8,200.1,3.09,703.6,572.4,0.0389,8.63,-0.742,AlSi10Mg,DEFECT,Porosity
684.0,192.8,2.81,750.1,655.4,0.0531,8.48,-0.775,AlSi10Mg,OK,No_Defect
689.8,206.6,3.26,787.9,515.5,0.0408,8.8,-0.596,AlSi10Mg,DEFECT,Porosity
685.8,186.2,2.41,725.3,642.0,0.0506,7.41,-0.889,AlSi9Cu3,OK,No_Defect
686.9,197.7,2.9,770.9,586.6,0.0471,8.0,-0.847,AlSi9Cu3,OK,No_Defect
677.7,219.0,2.47,682.7,602.6,0.0447,9.15,-0.821,AlSi12,OK,No_Defect
686.5,206.7,3.41,865.2,794.4,0.0406,7.97,-0.842,AlSi9Cu3,DEFECT,Flash
698.9,220.4,3.2,860.6,778.4,0.0394,8.54,-0.814,AlSi9Cu3,DEFECT,Flash
661.9,181.7,2.51,647.7,503.3,0.0542,8.4,-0.736,AlSi9Cu3,DEFECT,Cold_Shut
677.1,183.6,2.65,739.3,643.9,0.0355,7.29,-0.902,AlSi12,OK,No_Defect
681.7,201.9,2.89,742.6,536.5,0.0379,7.77,-0.916,AlSi9Cu3,OK,No_Defect
679.2,193.1,2.8,816.2,691.2,0.0477,8.45,-0.851,AlSi9Cu3,OK,No_Defect
690.8,217.5,2.94,827.9,574.6,0.0398,9.02,-0.691,AlSi9Cu3,DEFECT,Porosity
667.8,188.9,2.65,758.9,643.8,0.0437,7.82,-0.846,AlSi10Mg,OK,No_Defect
697.4,208.3,2.98,792.3,642.0,0.0464,8.51,-0.825,AlSi10Mg,OK,No_Defect
677.3,213.4,3.11,706.1,618.7,0.0498,8.63,-0.823,AlSi9Cu3,OK,No_Defect
672.8,173.1,2.81,762.8,606.0,0.0479,7.61,-0.941,AlSi9Cu3,OK,No_Defect
692.6,220.1,3.14,837.7,729.0,0.0293,8.33,-0.855,AlSi9Cu3,DEFECT,Flash
663.0,170.1,1.96,736.1,617.0,0.0584,8.62,-0.839,AlSi9Cu3,DEFECT,Cold_Shut
698.6,194.5,2.58,812.0,715.4,0.054,8.68,-0.822,AlSi9Cu3,OK,No_Defect
685.4,212.3,2.75,831.8,652.4,0.0409,8.72,-0.872,AlSi9Cu3,OK,No_Defect
654.0,164.1,2.5,560.8,597.3,0.0649,8.84,-0.885,AlSi9Cu3,DEFECT,Cold_Shut
679.5,196.2,2.61,673.6,654.6,0.0482,8.3,-0.861,AlSi12,OK,No_Defect
686.3,197.4,2.78,723.0,575.7,0.0511,8.23,-0.817,AlSi9Cu3,OK,No_Defect
696.9,198.9,3.03,807.3,643.7,0.0494,8.01,-0.853,AlSi9Cu3,OK,No_Defect
685.8,200.4,2.84,764.6,661.8,0.0482,8.31,-0.882,AlSi10Mg,OK,No_Defect
683.9,215.3,2.74,774.8,569.9,0.0487,8.31,-0.846,AlSi9Cu3,OK,No_Defect
696.6,205.7,2.82,817.0,693.9,0.0512,9.08,-0.824,AlSi10Mg,OK,No_Defect
681.9,195.7,2.75,733.9,566.2,0.0479,8.15,-0.592,AlSi9Cu3,DEFECT,Porosity
675.1,196.0,2.81,736.2,699.8,0.0484,8.1,-0.846,AlSi9Cu3,OK,No_Defect
659.0,171.5,2.65,739.9,594.3,0.0406,7.62,-0.826,AlSi9Cu3,OK,No_Defect
681.6,222.4,2.94,735.7,595.6,0.0492,8.66,-0.814,AlSi9Cu3,OK,No_Defect
680.5,225.9,2.66,758.1,692.4,0.0579,9.59,-0.699,AlSi10Mg,DEFECT,Surface_Defect
682.7,191.4,3.03,741.1,638.8,0.0527,8.66,-0.939,AlSi9Cu3,OK,No_Defect
696.2,200.1,2.8,675.0,596.4,0.0458,8.23,-0.834,AlSi10Mg,OK,No_Defect
671.1,186.6,2.59,733.9,596.3,0.0555,8.01,-0.84,AlSi9Cu3,OK,No_Defect
676.1,197.3,2.41,728.0,645.2,0.0494,8.3,-0.861,AlSi9Cu3,OK,No_Defect
685.3,189.7,2.83,710.1,728.5,0.0453,7.84,-0.894,AlSi9Cu3,OK,No_Defect
